-- phpMyAdmin SQL Dump
-- version 4.0.4
-- http://www.phpmyadmin.net
--
-- Host: localhost
-- Generation Time: Mar 03, 2014 at 08:20 AM
-- Server version: 5.6.12-log
-- PHP Version: 5.4.12

SET SQL_MODE = "NO_AUTO_VALUE_ON_ZERO";
SET time_zone = "+00:00";


/*!40101 SET @OLD_CHARACTER_SET_CLIENT=@@CHARACTER_SET_CLIENT */;
/*!40101 SET @OLD_CHARACTER_SET_RESULTS=@@CHARACTER_SET_RESULTS */;
/*!40101 SET @OLD_COLLATION_CONNECTION=@@COLLATION_CONNECTION */;
/*!40101 SET NAMES utf8 */;

--
-- Database: `nsu360`
--
CREATE DATABASE IF NOT EXISTS `nsu360` DEFAULT CHARACTER SET latin1 COLLATE latin1_swedish_ci;
USE `nsu360`;

-- --------------------------------------------------------

--
-- Table structure for table `admin_users`
--

CREATE TABLE IF NOT EXISTS `admin_users` (
  `user_id` int(11) NOT NULL AUTO_INCREMENT,
  `first_name` varchar(255) NOT NULL,
  `last_name` varchar(255) NOT NULL,
  `email` varchar(255) NOT NULL,
  `ip_address` varchar(255) NOT NULL,
  `password` varchar(255) NOT NULL,
  `active` int(11) NOT NULL DEFAULT '0',
  PRIMARY KEY (`user_id`)
) ENGINE=MyISAM  DEFAULT CHARSET=latin1 AUTO_INCREMENT=62 ;

--
-- Dumping data for table `admin_users`
--

INSERT INTO `admin_users` (`user_id`, `first_name`, `last_name`, `email`, `ip_address`, `password`, `active`) VALUES
(10, 'admin', 'admin', 'admin@admin.com', '127.0.0.1', '21232f297a57a5a743894a0e4a801fc3', 1),
(61, 'Rayhan', 'Tnm', 'faisal.noby@gmail.com', '127.0.0.1', 'e10adc3949ba59abbe56e057f20f883e', 1);

-- --------------------------------------------------------

--
-- Table structure for table `appointments`
--

CREATE TABLE IF NOT EXISTS `appointments` (
  `appointment_id` bigint(20) NOT NULL AUTO_INCREMENT,
  `customer_id` int(11) NOT NULL,
  `model_id` int(11) NOT NULL,
  `subject` varchar(255) NOT NULL,
  `date` date NOT NULL,
  `time` time NOT NULL,
  `duration` int(11) NOT NULL,
  `message` text NOT NULL,
  `is_read` tinyint(1) DEFAULT '0',
  `status` tinyint(4) NOT NULL,
  `type` int(11) NOT NULL DEFAULT '1',
  `is_active` int(11) NOT NULL DEFAULT '1',
  PRIMARY KEY (`appointment_id`)
) ENGINE=InnoDB  DEFAULT CHARSET=latin1 AUTO_INCREMENT=3 ;

--
-- Dumping data for table `appointments`
--

INSERT INTO `appointments` (`appointment_id`, `customer_id`, `model_id`, `subject`, `date`, `time`, `duration`, `message`, `is_read`, `status`, `type`, `is_active`) VALUES
(1, 22, 39, 'some subject', '2013-05-15', '11:12:22', 30, 'very important appointment very important appointment  very important appointment very important appointment very important appointment very important appointment very important appointment', 0, 1, 1, 1),
(2, 23, 39, 'some subject 2', '2013-05-14', '10:10:10', 45, 'very important appointment very important appointment very important appointment', 0, 1, 1, 1);

-- --------------------------------------------------------

--
-- Table structure for table `banners`
--

CREATE TABLE IF NOT EXISTS `banners` (
  `banner_id` int(10) unsigned NOT NULL AUTO_INCREMENT,
  `location` varchar(255) NOT NULL,
  `name` varchar(255) NOT NULL,
  `code` text NOT NULL,
  `image` varchar(255) NOT NULL,
  `link` varchar(255) NOT NULL,
  `views` int(10) unsigned NOT NULL,
  `clicks` int(10) unsigned NOT NULL,
  `is_active` tinyint(1) NOT NULL,
  `date_from` date NOT NULL,
  `date_to` date NOT NULL,
  `max_clicks` int(10) unsigned NOT NULL,
  `max_impressions` int(10) unsigned NOT NULL,
  PRIMARY KEY (`banner_id`),
  KEY `location` (`location`)
) ENGINE=MyISAM DEFAULT CHARSET=latin1 AUTO_INCREMENT=1 ;

-- --------------------------------------------------------

--
-- Table structure for table `blogs`
--

CREATE TABLE IF NOT EXISTS `blogs` (
  `blog_id` bigint(20) NOT NULL AUTO_INCREMENT,
  `title` varchar(255) NOT NULL,
  `author` varchar(255) NOT NULL,
  `category_id` int(11) NOT NULL,
  `post_date` date NOT NULL,
  `video_link` varchar(1024) DEFAULT NULL,
  `image_file` varchar(1024) DEFAULT NULL,
  `content` text NOT NULL,
  `is_active` tinyint(4) NOT NULL DEFAULT '1',
  `status` tinyint(4) NOT NULL DEFAULT '1',
  PRIMARY KEY (`blog_id`)
) ENGINE=InnoDB  DEFAULT CHARSET=latin1 AUTO_INCREMENT=10 ;

--
-- Dumping data for table `blogs`
--

INSERT INTO `blogs` (`blog_id`, `title`, `author`, `category_id`, `post_date`, `video_link`, `image_file`, `content`, `is_active`, `status`) VALUES
(1, 'jfldklkjflkj', 'djfldjlkdj', 9, '0000-00-00', '', '', '<p>dfd;fkdfkdkjfd</p>\r\n<ol>\r\n<li>fdfkdkl;fldkfjd</li>\r\n<li>dfkjdlfjdf</li>\r\n<li></li>\r\n</ol>', 0, 0),
(2, 'jkdhfkjdhk', 'hhdfkjhd', 9, '0000-00-00', 'http://www.youtube.com/watch?v=casMZwA8AfE', '', '<p>fjdlfjdlkfjdkfj</p>', 1, 1),
(3, 'jdlfjdj', 'kldjfdlj', 4, '0000-00-00', 'http://www.youtube.com/watch?v=casMZwA8AfE', '', '<p>dfdfdfdfdf<strong>gfgfgf<em>dfdfdfd</em></strong></p>', 1, 1),
(4, 'Rayhan''s Zlog', 'Rayhan T', 4, '0000-00-00', 'http://www.youtube.com/watch?v=casMZwA8AfE', '', '<p>uyuuh</p>', 1, 1),
(5, 'bbbbbbbbbbbbbb', 'aaaaaaaaaaaaaaa', 4, '0000-00-00', 'http://www.youtube.com/watch?v=casMZwA8AfE', '', '<p>dfdfdfd</p>', 1, 1),
(6, 'gfgfg', 'fgfgf', 4, '0000-00-00', 'http://www.youtube.com/watch?v=casMZwA8AfE', '', '<p>hhhhhhhh</p>', 1, 1),
(7, 'fdfdfdfd', 'dfdfdfd', 9, '0000-00-00', 'http://www.youtube.com/watch?v=casMZwA8AfE', '', '<p>jjjjjjj</p>', 1, 1),
(9, 'Some', 'fkdjkljf', 9, '2013-04-16', 'http://www.youtube.com/watch?v=casMZwA8AfE', '941b20085db2dd34f92871c604ce325b.jpg', '<ul>\r\n<li>ldlkfjldkfjkldjfddfdkf</li>\r\n<li>dfjldkjfd</li>\r\n</ul>', 1, 1);

-- --------------------------------------------------------

--
-- Table structure for table `blog_categories`
--

CREATE TABLE IF NOT EXISTS `blog_categories` (
  `category_id` int(11) NOT NULL AUTO_INCREMENT,
  `category` varchar(255) NOT NULL,
  `parent_id` int(11) DEFAULT NULL,
  `type` tinyint(4) DEFAULT NULL COMMENT '1=Category, 2=SC, 3=SSC',
  `is_active` tinyint(1) NOT NULL DEFAULT '1',
  PRIMARY KEY (`category_id`)
) ENGINE=InnoDB  DEFAULT CHARSET=latin1 AUTO_INCREMENT=22 ;

--
-- Dumping data for table `blog_categories`
--

INSERT INTO `blog_categories` (`category_id`, `category`, `parent_id`, `type`, `is_active`) VALUES
(1, 'Category 1', 0, 1, 1),
(2, 'Cat 1:; Sub Cat 1', 1, 2, 1),
(3, 'Cate 1: Sub Cat 1: SSC 1', 2, 3, 1),
(4, 'Category 2', 0, 1, 1),
(5, 'Cat 1 :: SC 1', 1, 2, 1),
(6, 'Cate 2: SSC 2', 4, 2, 1),
(9, 'Category 3', 0, 1, 1),
(13, 'Cate 2: SSC 21', 4, NULL, 1),
(14, 'Cate 2: SSC 21', 1, 2, 1),
(15, 'Cate 2: SSC 21', 5, 3, 1),
(16, 'Category 3', 14, 3, 1),
(17, 'Category 3 aar nai', 14, 3, 1),
(18, 'Category 3 aar nai', 0, 3, 1),
(19, 'Cate 2: SSC 21 dekhlam', 5, 3, 1),
(20, 'Category 3', 14, 3, 1),
(21, 'Category 3 aar naidd', 0, NULL, 1);

-- --------------------------------------------------------

--
-- Table structure for table `bus_stoppages`
--

CREATE TABLE IF NOT EXISTS `bus_stoppages` (
  `stoppage_id` int(11) NOT NULL AUTO_INCREMENT,
  `name` varchar(100) NOT NULL,
  `location` varchar(255) DEFAULT NULL,
  `city` varchar(100) DEFAULT NULL,
  `is_active` tinyint(4) NOT NULL DEFAULT '1',
  PRIMARY KEY (`stoppage_id`)
) ENGINE=InnoDB  DEFAULT CHARSET=latin1 AUTO_INCREMENT=5 ;

--
-- Dumping data for table `bus_stoppages`
--

INSERT INTO `bus_stoppages` (`stoppage_id`, `name`, `location`, `city`, `is_active`) VALUES
(1, 'New Market Gate', NULL, NULL, 1),
(2, 'Kolabagan', NULL, NULL, 1),
(3, 'Bashundhara Gate', NULL, NULL, 1),
(4, 'Khilkhet Turn', NULL, NULL, 1);

-- --------------------------------------------------------

--
-- Table structure for table `categories`
--

CREATE TABLE IF NOT EXISTS `categories` (
  `categories_id` int(11) NOT NULL AUTO_INCREMENT,
  `name` varchar(255) NOT NULL,
  PRIMARY KEY (`categories_id`)
) ENGINE=InnoDB  DEFAULT CHARSET=latin1 AUTO_INCREMENT=7 ;

--
-- Dumping data for table `categories`
--

INSERT INTO `categories` (`categories_id`, `name`) VALUES
(1, 'Category One'),
(2, 'Category Two'),
(4, 'Another Category'),
(6, 'Category Five');

-- --------------------------------------------------------

--
-- Table structure for table `classes`
--

CREATE TABLE IF NOT EXISTS `classes` (
  `class_id` int(11) NOT NULL AUTO_INCREMENT,
  `title` varchar(100) NOT NULL,
  `name` varchar(100) DEFAULT NULL,
  `description` varchar(255) DEFAULT NULL,
  `section_title` varchar(100) NOT NULL,
  `section_name` varchar(100) NOT NULL,
  `teacher_id` int(11) DEFAULT NULL,
  `is_active` tinyint(4) NOT NULL DEFAULT '1',
  PRIMARY KEY (`class_id`)
) ENGINE=InnoDB  DEFAULT CHARSET=latin1 AUTO_INCREMENT=20 ;

--
-- Dumping data for table `classes`
--

INSERT INTO `classes` (`class_id`, `title`, `name`, `description`, `section_title`, `section_name`, `teacher_id`, `is_active`) VALUES
(12, 'class 4', 'english', 'English reading, writing ', 's', 'cse', NULL, 1),
(16, 'CSI-111', 'Electronics', 'Study of electronics', 'fall-09', 'EC-2', NULL, 1),
(18, 'CSE-100', 'Basic learnings of computers', 'Fundamental learning of computers', 'CSE-B', 'B2', NULL, 1),
(19, 'b', 'b', 'b', 'b', 'b', NULL, 1);

-- --------------------------------------------------------

--
-- Table structure for table `class_times`
--

CREATE TABLE IF NOT EXISTS `class_times` (
  `time_id` int(11) NOT NULL AUTO_INCREMENT,
  `class_day` varchar(100) NOT NULL,
  `class_time` varchar(255) NOT NULL,
  `duration` float NOT NULL,
  `is_active` tinyint(4) NOT NULL DEFAULT '1',
  PRIMARY KEY (`time_id`)
) ENGINE=InnoDB  DEFAULT CHARSET=latin1 AUTO_INCREMENT=13 ;

--
-- Dumping data for table `class_times`
--

INSERT INTO `class_times` (`time_id`, `class_day`, `class_time`, `duration`, `is_active`) VALUES
(1, 'ST', '8:00 AM - 9:30 AM', 1.5, 1),
(2, 'ST', '9:40 AM - 11:10 AM', 1.5, 1),
(3, 'ST', '11:20 AM - 12:50 PM', 1.5, 1),
(4, 'ST', '1:00 PM - 2:30 PM', 1.5, 1),
(5, 'ST', '2:40 PM - 4:10 PM', 1.5, 1),
(6, 'ST', '4:20 PM - 5:50 PM', 1.5, 1),
(7, 'MW', '8:00 AM - 9:30 AM', 1.5, 1),
(8, 'MW', '9:40 AM - 11.10 AM', 1.5, 1),
(9, 'MW', '11:20 AM - 12:50 PM', 1.5, 1),
(10, 'MW', '1:00 PM - 2:30 PM', 1.5, 1),
(11, 'MW', '2:40 PM - 4:10 PM', 1.5, 1),
(12, 'MW', '4:20 PM - 5:50 PM', 1.5, 1);

-- --------------------------------------------------------

--
-- Table structure for table `contacts`
--

CREATE TABLE IF NOT EXISTS `contacts` (
  `contact_id` int(11) NOT NULL AUTO_INCREMENT,
  `first_name` varchar(255) NOT NULL,
  `last_name` varchar(255) NOT NULL,
  `email` varchar(255) NOT NULL,
  `phone` varchar(50) DEFAULT NULL,
  `date` datetime NOT NULL,
  `subject` varchar(255) NOT NULL,
  `message` text NOT NULL,
  `reply` int(11) NOT NULL DEFAULT '0',
  `type` varchar(20) NOT NULL DEFAULT '1',
  `pin` varchar(255) NOT NULL,
  PRIMARY KEY (`contact_id`)
) ENGINE=MyISAM  DEFAULT CHARSET=latin1 AUTO_INCREMENT=104 ;

--
-- Dumping data for table `contacts`
--

INSERT INTO `contacts` (`contact_id`, `first_name`, `last_name`, `email`, `phone`, `date`, `subject`, `message`, `reply`, `type`, `pin`) VALUES
(51, 'Test', 'test', 'pramodjaiswal@live.com', NULL, '2012-06-04 06:53:11', 'NEw teste wr er ewrwer', 'asdsadsad', 41, '', ''),
(55, 'New', 'test', 'pramodjaiswal@live.com', NULL, '2012-09-12 11:11:00', 'RE:New manufacturer added', 'This is my response', 50, '', ''),
(82, 'test', 'test', 'test123@test.com', NULL, '2013-03-26 08:52:12', 'Re:New manufacturer added', 'yes', 54, '', ''),
(65, 'test', 'test', 'test123@test.com', NULL, '2012-09-13 14:30:23', 'New Reply on 9-13-12', 'This is a test', 54, '', ''),
(66, 'first18', 'last18', 'test@aaa.com', NULL, '2012-09-13 14:31:23', 'RE:Re: Re: View History 1', 'This is a reply', 40, '', ''),
(67, 'first18', 'last18', 'test@aaa.com', NULL, '2012-09-13 14:34:23', 'RE:RE:Re: Re: View History 1', 'Now that I am replying, this should show up on the contacts list with the original e-mail as history', 66, '', ''),
(68, 'test', 'test', 'test123@test.com', NULL, '2012-09-13 14:35:49', 'RE:  Response to "New Reply on 9-13-12"', 'another test', 65, '', ''),
(69, 'Test', '', 'test@test.com', NULL, '2012-09-13 15:44:08', 'RE:tet', 'assad asd sad sd sdsad', 49, '', ''),
(70, 'test', 'test', 'test123@test.com', NULL, '2012-09-13 15:45:19', 'RE:New Reply on 9-13-12', 'testing reply 9/13 3:44', 65, '', ''),
(71, 'first18', 'last18', 'test@aaa.com', NULL, '2012-09-13 19:22:13', 'RE:Re: Re: View History 1', 'yyyyy', 40, '', ''),
(43, 'first18', 'last18', 'test@aaa.com', NULL, '2012-03-19 21:32:23', 'Re: Re: subject 18', 'asd sd asd sad sad as', 37, '', ''),
(44, 'New', 'test', 'test1@test.com', NULL, '2012-03-20 13:27:41', 'New user signup', 'New user added for newsletter', 0, '', ''),
(56, 'test', 'test', 'test123@test.com', NULL, '2012-09-12 11:12:24', 'RE:NEw teste wr er ewrwer', 'vuyvuvuy', 54, '', ''),
(46, 'PRamod', 'test', 'test@test.com', NULL, '2012-03-27 15:39:48', 'NEw teste wr er ewrwer', 'sdasdasdsadasdas', 0, '', ''),
(57, 'test', 'test', 'test123@test.com', NULL, '2012-09-12 14:42:43', 'RE:RE:NEw teste wr er ewrwer', 'This is a reply.  Does it show up in history?', 56, '', ''),
(48, 'PRamod', 'test', 'pramodjaiswal@live.com', NULL, '2012-03-29 22:00:10', 'NEw teste wr er ewrwer', 'dimentum in id dui. Sed faucibus tellus id metus consequat tincidunt. Sed fringilla adipiscing nisi, ut scelerisque enim gravida eget. Curabitur quis ligula mag', 41, '', ''),
(49, 'Test', '', 'test@test.com', NULL, '2012-03-29 22:52:29', '', 'New manufacturer added to view details on link <br>http://localhost/webdesignz/cgmbm/budget/index.php/admin/members/views/7', 0, '', ''),
(50, 'New', 'test', 'pramodjaiswal@live.com', NULL, '2012-04-04 14:13:01', 'New manufacturer added', 'New manufacturer added to view details on link <br>http://localhost/webdesignz/cgmbm/manufacturing/index.php/admin/members/views/8', 0, '', ''),
(52, 'pramod jaiswal', 'test', 'pramodjaiswal@live.com', NULL, '2012-06-13 10:36:19', 'NEw teste wr er ewrwer', 'Content ::contact_us_image. Lorem ipsum dolor sit amet, consectetur adipiscing elit. Praesent at erat et metus dapibus tincidunt at sit amet tortor. Donec hendrerit elit at arcu facilisis egestas. Maecenas tempus, libero eu interdum cursus, est turpis tristique sapien, ut porta mi magna vel velit. Duis in nulla at mauris sodales condimentum in id dui. Sed faucibus tellus id metus consequat tincidunt. Sed fringilla adipiscing nisi, ut scelerisque enim gravida eget. Curabitur quis ligula magna. Nunc risus lacus, fringilla eget dictum vitae, viverra in odio. Integer viverra lectus id odio malesuada porttitor. Praesent eu cursus lorem. Duis facilisis elit pellentesque erat ornare id rhoncus diam venenatis. Cras mattis augue ac dui sodales sodales.', 41, '', ''),
(53, 'Test', 'test', 'pramodjaiswal@live.com', NULL, '2012-06-13 11:14:01', 'Subject Goes Here', 'sadsdsad sad sad sad', 51, '', ''),
(83, 'Test', '', 'test@test.com', NULL, '2013-03-26 11:36:31', 'Re:New manufacturer added today', 'Newest message', 49, '', ''),
(58, 'test', 'test', 'test123@test.com', NULL, '2012-09-12 14:43:43', 'Revised subject', 'This is another reply to the same', 57, '', ''),
(59, 'test', 'test', 'test123@test.com', NULL, '2012-09-12 14:45:31', 'Message 2', 'Message 2', 56, '', ''),
(60, 'test', 'test', 'test123@test.com', NULL, '2012-09-12 14:46:20', 'Message 3', 'Message 3', 56, '', ''),
(61, 'test', 'test', 'test123@test.com', NULL, '2012-09-12 19:25:29', 'RE:Message 3', 'test', 60, '', ''),
(62, 'pramod jaiswal', 'test', 'pramodjaiswal@live.com', NULL, '2012-09-12 19:26:06', 'RE:NEw teste wr er ewrwer', 'test 2', 52, '', ''),
(63, 'first18', 'last18', 'test@aaa.com', NULL, '2012-09-12 19:27:56', 'RE:Re: Re: View History 1', 'testtttttt uooo', 40, '', ''),
(64, 'first18', 'last18', 'test@aaa.com', NULL, '2012-09-13 05:49:33', 'RE:RE:Re: Re: View History 1', 'sda sd sad sad asd sadsad', 40, '', ''),
(72, 'first18', 'last18', 'test@aaa.com', NULL, '2012-09-13 22:42:41', 'NEW REPLY', 'This is a new message', 40, '', ''),
(73, 'test', 'test', 'test123@test.com', NULL, '2012-09-13 22:43:21', 'RE:New Reply on 9-13-12', 'uvyvuhyvjhvj', 54, '', ''),
(74, 'first18', 'last18', 'test@aaa.com', NULL, '2012-09-14 01:26:22', 'are replies showing', 'testing replies', 40, '', ''),
(75, 'first18', 'last18', 'test@aaa.com', NULL, '2012-09-14 08:50:44', 'E-mail 1', 'test', 40, '', ''),
(76, 'test', 'test', 'test123@test.com', NULL, '2012-09-14 08:51:23', 'RE:NEw teste wr er ewrwer', 'message', 54, '', ''),
(78, 'Test', '', 'test@test.com', NULL, '2012-09-14 08:55:21', 'RE:RE:tet', 'Trying again message 8', 49, '', ''),
(79, 'New', 'test', 'pramodjaiswal@live.com', NULL, '2012-09-14 09:02:04', 'This is a new reply', 'The reply is saved to the contacts history', 50, '', ''),
(80, 'New', 'test', 'test1@test.com', NULL, '2012-09-14 10:08:29', 'can I change name', 'first response', 44, '', ''),
(81, 'first18', 'last18', 'test@aaa.com', NULL, '2013-03-26 08:50:03', 'Re:New manufacturer added', 'test', 40, '', ''),
(84, 'New', 'test', 'pramodjaiswal@live.com', NULL, '2013-04-05 03:48:26', 'werg b', 'wrhg w4y', 50, '', ''),
(85, 'New', 'test', 'pramodjaiswal@live.com', NULL, '2013-04-05 03:50:10', 'SAVE', 'save save save save save', 50, '', ''),
(86, 'Test', '', 'test@test.com', NULL, '2013-04-05 06:54:07', 'evenign', 'there', 49, '', ''),
(87, 'Some one first', 'Last', 'some@hotmail.com', '88687687', '2013-04-26 14:18:23', 'some subject', 'some Description', 0, '', ''),
(88, 'dfdfdfd dfjdlfkj', 'd', 'some@hotmail.com', '9898', '2013-04-26 14:47:15', 'jdfjd', 'kdjfdj', 87, '', ''),
(89, '', 'dkfjdkfj', 'rayhan.tnm@gmail.com', 'dfd090', '2013-04-26 14:56:45', 'dkfjdj', 'kdjfdj', 0, '', ''),
(90, 'djfkld', 'dfjdkf', 'rayhan.tnm@gmail.com', '0898', '2013-04-26 14:57:28', 'feedback', 'feedback', 89, '', ''),
(91, 'some last', 'two', 'tech@hotmail.com', '7878', '2013-04-26 15:05:00', 'dlkfjdklj', 'dkfjdjfkdfjd', 0, '1', ''),
(92, 'dfdfd', 'fererer', 'tech@hotmail.com', '3434343', '2013-04-26 15:05:11', 'dfdfd', 'dfdfdfd', 91, '1', ''),
(93, 'djfdd dkfjkdl fdk', 'kjfjd', 'feed@hotmail.com', 'dfjd', '2013-04-26 15:05:38', 'fdfdf', 'dfdfdfdfd', 0, '2', ''),
(94, 'dfdfd', 'efdfd', 'feed@hotmail.com', '34343', '2013-04-26 15:05:59', 'dfdfd', 'dfdfdfd', 93, '2', ''),
(95, 'dfdjfdklf dfkldjfkljd', 'dklfjd', 'bill@hotmail.com', '8778776', '2013-04-26 15:06:23', 'djfdjfklj', 'kdjfdjfdjfdjf', 0, '3', ''),
(96, 'kdfjdkf lkdjfkd ', 'kldjfj', 'bill@hotmail.com', 'dfkjdkj', '2013-04-26 15:06:59', 'kdjfkdj', 'jfkdjfkdjf', 95, '3', ''),
(97, 'Some on two', 'three', 'some@hotmail.com', '78787', '2013-04-29 09:16:16', 'uiuiu', 'iuiuiu', 87, '1', ''),
(98, 'Rayhan T', 'Munshi', 'rayhan.tnm@gmail.com', '1111', '2013-04-29 09:17:37', 'Rayhan Teh', 'some des', 89, '1', ''),
(99, 'Hasu Bin Taher', 'Mullah', 'taher@hotmail.com', '88889999', '2013-04-29 09:27:42', 'Taher Moollah', 'Taher mollha', 0, '1', ''),
(100, 'some first', 'last', 'rayhan@gmail.com', '8888777', '2013-04-29 09:29:44', 'subject rayhan', 'rayhan description', 0, '3', ''),
(101, 'some one two', 'three', 'onetwo@gmail.com', '867676', '2013-04-29 13:53:45', 'Technical Support -Tech To one to', 'Ki aar bolbo gadha que aaa ta to matha kharap kore disse', 0, '1', ''),
(102, 'Feedbac suppor', 'for', 'gadhaqaandr@hotmail.com', '9878787', '2013-04-29 13:54:57', 'Feedback Support -gadhaandrw feed', 'gadha qata ekta real gadha', 0, '2', ''),
(103, 'Gadha Anraona', 'billing', 'andraona@gmail.com', '987897897', '2013-04-29 13:55:55', 'Billing Support -oiuiuouou', 'oiuoiuoiu', 0, '3', '');

-- --------------------------------------------------------

--
-- Table structure for table `content`
--

CREATE TABLE IF NOT EXISTS `content` (
  `title` varchar(255) NOT NULL,
  `description` text NOT NULL,
  `keywords` varchar(255) NOT NULL,
  `content_id` int(10) unsigned NOT NULL AUTO_INCREMENT,
  `name` varchar(255) NOT NULL,
  `data` text NOT NULL,
  `type` varchar(255) NOT NULL,
  `tiny_enabled` tinyint(1) NOT NULL DEFAULT '0',
  `page_name` varchar(255) NOT NULL,
  `video` text NOT NULL,
  PRIMARY KEY (`content_id`),
  KEY `name` (`name`)
) ENGINE=MyISAM  DEFAULT CHARSET=latin1 AUTO_INCREMENT=234 ;

--
-- Dumping data for table `content`
--

INSERT INTO `content` (`title`, `description`, `keywords`, `content_id`, `name`, `data`, `type`, `tiny_enabled`, `page_name`, `video`) VALUES
('NSU360 | Home', 'NSU360 | Description :: Home', 'NSU360,Home', 1, 'home', 'Online University Management Service', 'meta', 0, '', ''),
('NSU360 | Login', 'NSU360 | Descriotion :: Login', 'NSU360,keywords,Login', 4, 'login', '<p>Please write your username/email and password for login to the system</p>', 'data', 1, '', ''),
('NSU360 | ForgotPassword ', 'NSU360 | Description :: forgotPassword ', 'NSU360,keywords,forgetPassword', 5, 'forgotpassword', '<p>JENNNNN Forget Password. ipsum dolor sit amet, consectetur adipiscing elit. Praesent at erat et metus dapibus tincidunt at sit amet tortor. Donec hendrerit elit at arcu facilisis egestas. Maecenas tempus, libero eu interdum cursus, est turpis tristique sapien, ut porta mi magna vel velit. Duis in nulla at mauris sodales condimentum in id dui. Sed faucibus tellus id metus consequat tincidunt. Sed fringilla adipiscing nisi, ut scelerisque enim gravida eget. Curabitur quis ligula magna. Nunc risus lacus, fringilla eget dictum vitae, viverra in odio. Integer viverra lectus id odio malesuada porttitor. Praesent eu cursus lorem. Duis facilisis elit pellentesque erat ornare id rhoncus diam venenatis. Cras mattis augue ac dui sodales sodales.</p>', '', 1, '', ''),
('NSU360 | ForgotPassword_Confirmation ', 'NSU360 | Description :: forgotPassword_Confirmation ', 'NSU360,keywords,Forgotpassword_Confirmation ', 6, 'forgotpassword_confirmation', '<p>JEN Forgot Password Confirmation. Lorem ipsum dolor sit amet, consectetur adipiscing elit. Praesent at erat et metus dapibus tincidunt at sit amet tortor. Donec hendrerit elit at arcu facilisis egestas. Maecenas tempus, libero eu interdum cursus, est turpis tristique sapien, ut porta mi magna vel velit. Duis in nulla at mauris sodales condimentum in id dui. Sed faucibus tellus id metus consequat tincidunt. Sed fringilla adipiscing nisi, ut scelerisque enim gravida eget. Curabitur quis ligula magna.</p>', '', 1, '', ''),
('NSU360 | Forgot_user_email ', 'NSU360 | Description :: Forgot_user_email ', 'NSU360,keywords,Forgot_user_email', 7, 'forgot_user_email', '<p>;laksjdf''owije''lfKJWEKO''FGJ''osfj Forgot Users Name or Email. Lorem ipsum dolor sit amet, consectetur adipiscing elit. Praesent at erat et metus dapibus tincidunt at sit amet tortor. Donec hendrerit elit at arcu facilisis egestas. Maecenas tempus, libero eu interdum cursus, est turpis tristique sapien, ut porta mi magna vel velit. Duis in nulla at mauris sodales condimentum in id dui. Sed faucibus tellus id metus consequat tincidunt. Sed fringilla adipiscing nisi, ut scelerisque enim gravida eget. Curabitur quis ligula magna.</p>', '', 1, '', ''),
('NSU360 | Forgot Failed Recovery ', 'NSU360 | Description :: Forgot_failed_recovery ', 'NSU360,keywords,forgot_Failed_recovery ', 8, 'forgot_failed_recovery', '<p>JEN Forget Password Failed Recovery. Lorem ipsum dolor sit amet, consectetur adipiscing elit. Praesent at erat et metus dapibus tincidunt at sit amet tortor. Donec hendrerit elit at arcu facilisis egestas. Maecenas tempus, libero eu interdum cursus, est turpis tristique sapien, ut porta mi magna vel velit. Duis in nulla at mauris sodales condimentum in id dui. Sed faucibus tellus id metus consequat tincidunt. Sed fringilla adipiscing nisi, ut scelerisque enim gravida eget. Curabitur quis ligula magna.</p>', '', 1, '', ''),
('NSU360 | Forgot_recovery ', 'NSU360 | Description :: Forgot_recovery ', 'NSU360,keywords,Forgot_recovery ', 9, 'forgot_recovery', '<p>JEN Forgot_recovery. Lorem ipsum dolor sit amet, consectetur adipiscing elit. Praesent at erat et metus dapibus tincidunt at sit amet tortor. Donec hendrerit elit at arcu facilisis egestas. Maecenas tempus, libero eu interdum cursus, est turpis tristique sapien, ut porta mi magna vel velit. Duis in nulla at mauris sodales condimentum in.</p>', '', 1, '', ''),
('NSU360 | Member_myaccount ', 'NSU360 | Description :: Member_myaccount ', 'NSU360,keywords,Member_myaccount ', 10, 'member_myaccount', '0', 'meta', 0, '', ''),
('NSU360 | Footer_news ', 'NSU360 | Description :: Footer_news ', 'NSU360,keywords,Footer_news ', 130, 'footer_news', '0', 'meta', 0, '', ''),
('0', '0', '0', 60, 'instructor_myaccount_update_confirm', '<p> instructor_myaccount_update_confirm::\r\nYour Account has been update successfully</p>', 'data', 1, '', ''),
('NSU360 | Member_myaccount_edit ', 'NSU360 | Description :: Member_myaccount_edit ', 'NSU360,keywords,Member_myaccount_edit ', 11, 'member_myaccount_edit', '0', 'meta', 0, '', ''),
('NSU360 | Account Activation ', 'Student account activation code.', 'NSU360,keywords, Student account activation', 12, 'student_account_activation', '<p>Please enter the activation code which has been sent to your email<br/></p>\r\n<div id="_mcePaste" class="mcePaste">??</div>', '', 1, '', ''),
('0', '0', '0', 14, 'student_activation_confirmation', '<p>Congratulation! Your Account has been activated successfully. Now you can sign in with your email and password.</p>\r\n<p>Have a great Day!</p>\r\n<div id="_mcePaste" class="mcePaste">??</div>', 'data', 1, '', ''),
('i Want cam::instructor_myaccount', 'i Want cam:: Description :: instructor_myaccount', 'i Want cam,keywords,instructor_myaccount', 231, 'instructor_myaccount', '<p>Content ::instructor_myaccount. Lorem ipsum dolor sit amet, consectetur adipiscing elit. Praesent at erat et metus dapibus tincidunt at sit amet tortor. Donec hendrerit elit at arcu facilisis egestas. Maecenas tempus, libero eu interdum cursus, est turpis tristique sapien, ut porta mi magna vel velit. Duis in nulla at mauris sodales condimentum in id dui. Sed faucibus tellus id metus consequat tincidunt. Sed fringilla adipiscing nisi, ut scelerisque enim gravida eget. Curabitur quis ligula magna. Nunc risus lacus, fringilla eget dictum vitae, viverra in odio. Integer viverra lectus id odio malesuada porttitor. Praesent eu cursus lorem. Duis facilisis elit pellentesque erat ornare id rhoncus diam venenatis. Cras mattis augue ac dui sodales sodales.</p>', 'meta', 0, '', ''),
('NSU360 | Member_my_favorites ', 'NSU360 | Description :: Member_my_favorites ', 'NSU360,keywords,Member_my_favorites ', 15, 'member_my_favorites', '0', 'meta', 0, '', ''),
('0', '0', '0', 148, 'footer_news_recent_comments', '<ul>\n<li><a href="#">Lorem Ipsum:</a> scrambled it to make a type specimen bookfive</li>\n<li><a href="#">Lorem Ipsum:</a> scrambled it to make a type specimen bookfive</li>\n<li><a href="#">Lorem Ipsum:</a> scrambled it to make a type specimen bookfive</li>\n<li><a href="#">Lorem Ipsum:</a> scrambled it to maerhertyh45yh rtyw4rth imen bookfive</li>\n<li><a href="#">Lorem Ipsum:</a> scrambled it to make a type specimen bookfive</li>\n<li><a href="#">Lorem Ipsum:</a> scrambled it to make a type specimen bookfive</li>\n<li>a;osijdghnaer drfgaer</li>\n</ul>', 'data', 1, '', ''),
('NSU360 | Member_my_content ', 'NSU360 | Description :: Member_my_content ', 'NSU360,keywords,Member_my_content ', 17, 'member_my_content', '0', 'meta', 0, '', ''),
('0', '0', '0', 138, 'camera_deactivate', '<p><strong><font color="#ff00ff">JEN</font></strong> Camera_deactivate. Lorem ipsum dolor sit <u>amet</u>, consectetur adipiscing elit. Praesent at erat et metus dapibus tincidunt at sit amet tortor. Donec hendrerit elit at arcu facilisis egestas. Maecenas tempus, libero eu interdum cursus, est turpis tristique sapien, ut porta mi magna vel velit. Duis in nulla at mauris sodales condimentum in id dui. Sed faucibus <em>tellus</em> id metus <u><em>consequat</em></u> tincidunt. Sed fringilla adipiscing nisi, ut scelerisque enim gravida eget.</p>', 'data', 1, '', ''),
('NSU360 | Member_view_my_content ', 'NSU360 | Description :: Member_view_my_content ', 'NSU360,keywords,Member_view_my_content ', 18, 'member_view_my_content', '0', 'meta', 0, '', ''),
('NSU360 | Model_content_store ', 'NSU360 | Description :: Model_content_store ', 'NSU360,keywords,Model_content_store ', 75, 'model_content_store', '0', 'meta', 0, '', ''),
('NSU360 | Transition_video ', 'NSU360 | Description :: Transition_video ', 'NSU360,keywords,Transition_video ', 135, 'transition_video', '<p>&nbsp;JEN&nbsp;JEN&nbsp;JEN&nbsp;JEN&nbsp;JEN&nbsp;JEN&nbsp;JEN&nbsp;JEN Transition_video. Lorem ipsum dolor sit amet, consectetur adipiscing elit. Praesent at erat et metus dapibus tincidunt at sit amet tortor. Donec hendrerit elit at arcu facilisis egestas. Maecenas tempus, libero eu interdum cursus, est turpis tristique sapien, ut porta mi magna vel velit. Duis in nulla at mauris sodales condimentum in id dui. Sed faucibus tellus id metus consequat tincidunt. Sed fringilla adipiscing nisi, ut scelerisque enim gravida eget. Curabitur quis ligula magna. Nunc risus lacus, fringilla eget dictum vitae, viverra in odio. Integer viverra lectus id odio malesuada porttitor.</p>\n<div id="_mcePaste" class="mcePaste"  absolute; left: 0px; top: -25px; width: 1px; height: 1px; overflow: hidden;"></div>', '', 1, '', ''),
('NSU360 | Member_my_appointment ', 'NSU360 | Description :: Member_my_appointment ', 'NSU360,keywords,Member_my_appointment ', 19, 'member_my_appointment', '0', 'meta', 0, '', ''),
('NSU360 | Studio_myaccount ', 'NSU360 | Description :: Studio_myaccount ', 'NSU360,keywords,Studio_myaccount ', 61, 'studio_myaccount', '0', 'meta', 0, '', ''),
('NSU360 | Search ', 'NSU360 | Description :: Search ', 'NSU360,keywords,Search ', 132, 'search', '0', 'meta', 0, '', ''),
('0', '0', '0', 140, 'membership_tour', '<p>JENNNNN &nbsp;Membership_tour. Lorem ipsum dolor sit amet, consectetur adipiscing elit. Praesent at erat et metus dapibus tincidunt at sit amet tortor. Donec hendrerit elit at arcu facilisis egestas. Maecenas tempus, libero eu interdum cursus, est turpis tristique sapien, ut porta mi magna vel velit. Duis in nulla at mauris sodales condimentum in id dui. Sed faucibus tellus id metus consequat tincidunt. Sed fringilla adipiscing nisi, ut scelerisque enim gravida eget. Curabitur quis ligula magna. Nunc risus lacus, fringilla eget dictum vitae, viverra in odio. Integer viverra lectus id odio malesuada porttitor.</p>\n<p>&nbsp;</p>', 'data', 1, '', ''),
('NSU360 | member_message_reply_confirmation', 'NSU360 | Description :: member_message_reply_confirmation', 'NSU360,keywords,member_message_reply_confirmation', 216, 'member_message_reply_confirmation', '<p>Content ::member_message_reply_confirmation. Lorem ipsum dolor sit amet, consectetur adipiscing elit. Praesent at erat et metus dapibus tincidunt at sit amet tortor. Donec hendrerit elit at arcu facilisis egestas. Maecenas tempus, libero eu interdum cursus, est turpis tristique sapien, ut porta mi magna vel velit. Duis in nulla at mauris sodales condimentum in id dui. Sed faucibus tellus id metus consequat tincidunt. Sed fringilla adipiscing nisi, ut scelerisque enim gravida eget. Curabitur quis ligula magna. Nunc risus lacus, fringilla eget dictum vitae, viverra in odio. Integer viverra lectus id odio malesuada porttitor. Praesent eu cursus lorem. Duis facilisis elit pellentesque erat ornare id rhoncus diam venenatis. Cras mattis augue ac dui sodales sodales.</p>', 'data', 1, '', ''),
('0', '0', '0', 127, 'content_store_payment', '<p>JENNN Content_store_payment. Lorem ipsum dolor sit amet, consectetur adipiscing elit. Praesent at erat et metus dapibus tincidunt at sit amet tortor. Donec hendrerit elit at arcu facilisis egestas. Maecenas tempus, libero eu interdum cursus, est turpis tristique sapien, ut porta mi magna vel velit. Duis in nulla at mauris sodales condimentum in id dui. Sed faucibus tellus id metus consequat tincidunt. Sed fringilla adipiscing nisi, ut scelerisque enim gravida eget.</p>\n<div id="_mcePaste" class="mcePaste">??</div>', 'data', 1, '', ''),
('NSU360 | Noticewall', 'List of notices posed publicly.', 'NSU360,keywords,Member_view_my_appointment ', 20, 'noticewall_public', '0', 'meta', 0, '', ''),
('NSU360 | Member_message', 'NSU360 | Description :: Member_message ', 'NSU360,keywords,Member_message ', 21, 'member_message', '0', 'meta', 0, '', ''),
('NSU360 | Member_transaction_history ', 'NSU360 | Description :: Member_transaction_history JEN', 'NSU360,keywords,Member_transaction_history ', 31, 'member_transaction_history', '0', 'meta', 0, '', ''),
('NSU360 | Studio_support_request_close_ticket_confirmation\n', 'NSU360 | Description :: Studio_support_request_close_ticket_confirmation ', 'NSU360,keywords,Studio_support_request_close_ticket_confirmation ', 74, 'studio_support_request_close_ticket_confirmation', '<p>&nbsp;JEN&nbsp;JEN&nbsp;JEN&nbsp;JEN&nbsp;JEN&nbsp;JEN Studio_support_request_close_ticket_confirmation. Lorem ipsum dolor sit amet, consectetur adipiscing elit. Praesent at erat et metus dapibus tincidunt at sit amet tortor. Donec hendrerit elit at arcu facilisis egestas. Maecenas tempus, libero eu interdum cursus, est turpis tristique sapien, ut porta mi magna vel velit. Duis in nulla at mauris sodales condimentum in id dui. Sed faucibus tellus id metus consequat tincidunt. Sed fringilla adipiscing nisi, ut scelerisque enim gravida eget. Curabitur quis ligula magna.</p>\n<div id="_mcePaste" class="mcePaste">??</div>', '', 1, '', ''),
('0', '0', '0', 22, 'member_message_remove_message', '<p>LOVELY JEN HAHAHAHAHA Remove Message. Your message has been removed.</p>', 'data', 1, '', ''),
('NSU360 | Member_message_send ', 'NSU360 | Description :: Member_message_send ', 'NSU360,keywords,Member_message_send ', 23, 'member_message_send', '0', 'meta', 0, '', ''),
('0', '0', '0', 73, 'studio_support_request_close_ticket', '<p>&nbsp;JEN&nbsp;JEN&nbsp;JEN&nbsp;JEN&nbsp;JEN Studio_support_request_close_ticket. Lorem ipsum dolor sit amet, consectetur adipiscing elit. Praesent at erat et metus dapibus tincidunt at sit amet tortor. Donec hendrerit elit at arcu facilisis egestas. Maecenas tempus, libero eu interdum cursus, est turpis tristique sapien, ut porta mi magna vel velit. Duis in nulla at mauris sodales condimentum in id dui. Sed faucibus tellus id metus consequat tincidunt. Sed fringilla adipiscing nisi, ut scelerisque enim gravida eget. Curabitur quis ligula magna.</p>\n<div id="_mcePaste" class="mcePaste"  absolute; left: 0px; top: -25px; width: 1px; height: 1px; overflow: hidden;"></div>', 'data', 1, '', ''),
('NSU360 | Member_message_reply ', 'NSU360 | Description :: Member_message_reply ', 'NSU360,keywords,Member_message_reply ', 24, 'member_message_reply', '0', 'meta', 0, '', ''),
('NSU360 | Model_view_support_request ', 'NSU360 | Description :: Model_view_support_request ', 'NSU360,keywords,Model_view_support_request ', 104, 'model_view_support_request', '0', 'meta', 0, '', ''),
('NSU360 | Studio_support_request_responde_confirmation ', 'NSU360 | Description :: Studio_support_request_responde_confirmation ', 'NSU360,keywords,Studio_support_request_responde_confirmation ', 72, 'studio_support_request_responde_confirmation', '<p>&nbsp;JEN&nbsp;JEN&nbsp;JEN&nbsp;JEN&nbsp;JEN Studio_support_request_responde_confirmation. Lorem ipsum dolor sit amet, consectetur adipiscing elit. Praesent at erat et metus dapibus tincidunt at sit amet tortor. Donec hendrerit elit at arcu facilisis egestas. Maecenas tempus, libero eu interdum cursus, est turpis tristique sapien, ut porta mi magna vel velit. Duis in nulla at mauris sodales condimentum in id dui. Sed faucibus tellus id metus consequat tincidunt.</p>\n<div id="_mcePaste" class="mcePaste">??</div>', '', 1, '', ''),
('NSU360 | Member_support_request_responde ', 'NSU360 | Description :: Member_support_request_respond ', 'NSU360,keywords,Member_support_request_respond ', 35, 'member_support_request_respond', '0', 'meta', 0, '', ''),
('NSU360 | Member_message_view ', 'NSU360 | Description :: Member_message_view ', 'NSU360,keywords,Member_message_View ', 25, 'member_message_view', '0', 'meta', 0, '', ''),
('NSU360 | Member_support_request_response_confirmation ', 'NSU360 | Description :: Member_support_request_response_confirmation ', 'NSU360,keywords,Member_support_request_response_confirmation ', 36, 'member_support_request_response_confirmation', '<p>&nbsp;&nbsp;JEN&nbsp;JEN&nbsp;JENv Member support request response confirmation. Lorem ipsum dolor sit amet, consectetur adipiscing elit. Praesent at erat et metus dapibus tincidunt at sit amet tortor. Donec hendrerit elit at arcu facilisis egestas. Maecenas tempus, libero eu interdum cursus, est turpis tristique sapien, ut porta mi magna vel velit. Duis in nulla at mauris sodales condimentum in id dui.</p>\n<div id="_mcePaste" class="mcePaste">??</div>', '', 1, '', ''),
('NSU360 | Member_message_credit_option ', 'NSU360 | Description :: Member_message_credit_option ', 'NSU360,keywords,Member_message_credit_option ', 26, 'member_message_credit_option', '0', 'meta', 0, '', ''),
('0', '0', '0', 195, 'model_signupconfirmcontent', '<p>&nbsp;JEN&nbsp;JEN&nbsp;JEN&nbsp;JEN&nbsp;JEN&nbsp;JEN&nbsp;JEN&nbsp;JEN Model_signup confirmation. Lorem ipsum dolor sit amet, consectetur adipiscing elit. Praesent at erat et metus dapibus tincidunt at sit amet tortor. Donec hendrerit elit at arcu facilisis egestas. Maecenas tempus, libero eu interdum cursus, est turpis tristique sapien, ut porta mi magna vel velit. Duis in nulla at mauris sodales condimentum in id dui. Sed faucibus tellus id metus consequat tincidunt. Sed fringilla adipiscing nisi, ut scelerisque enim gravida eget.</p>\n<div id="_mcePaste" class="mcePaste"  absolute; left: 0px; top: -25px; width: 1px; height: 1px; overflow: hidden;"></div>', 'data', 1, '', ''),
('NSU360 | Member_view_transaction ', 'NSU360 | Description :: member_View_transaction ', 'NSU360,keywords,member_view_Transaction ', 32, 'member_view_transaction', '0', 'meta', 0, '', ''),
('0', '0', '0', 77, 'model_my_video_remove', '<p>Are you sure you want to remove this Video? <br />This action CANNOT be reversed.&nbsp;JEN&nbsp;JEN&nbsp;JEN&nbsp;JEN&nbsp;JEN&nbsp;JEN&nbsp;JEN&nbsp;JEN</p>\n<div id="_mcePaste" class="mcePaste"  absolute; left: 0px; top: -25px; width: 1px; height: 1px; overflow: hidden;"></div>', 'data', 1, '', ''),
('NSU360 | Member_message_credit_option_confirmation ', 'NSU360 | Description :: Member_message_credit_option_confirmation ', 'NSU360,keywords,Member_message_credit_option_confirmation ', 27, 'member_message_credit_option_confirmation', '<p>JEN JEN JEN JEN Member message credit option confirmation. Lorem ipsum dolor sit amet, consectetur adipiscing elit. Praesent at erat et metus dapibus tincidunt at sit amet tortor. Donec hendrerit elit at arcu facilisis egestas. Maecenas tempus, libero eu interdum cursus, est turpis tristique sapien, ut porta mi magna vel velit. Duis in nulla at mauris sodales condimentum in id dui. Sed faucibus tellus id metus consequat tincidunt. Sed fringilla adipiscing nisi, ut scelerisque enim gravida eget.</p>', '', 1, '', ''),
('0', '0', '0', 28, 'member_message_payment', '<p>JENNNNNNNNNN JEN <span  pre;"> </span>Member Message Payment. Lorem ipsum dolor sit amet, consectetur adipiscing elit. Praesent at erat et metus dapibus tincidunt at sit amet tortor. Donec hendrerit elit at arcu facilisis egestas. Maecenas tempus, libero eu interdum cursus, est turpis tristique sapien, ut porta mi magna vel velit. Duis in nulla at mauris sodales condimentum in id dui.</p>', 'data', 1, '', ''),
('NSU360 | Content_store_checkout ', 'NSU360 | Description :: Content_store_checkout ', 'NSU360,keywords,Content_store_checkout ', 125, 'content_store_checkout', '0', 'meta', 0, '', ''),
('NSU360 | Member_support_request ', 'NSU360 | Description :: Member_support_request ', 'NSU360,keywords,Member_support_request ', 33, 'member_support_request', '0', 'meta', 0, '', ''),
('NSU360 | Member_message_payment_confirmation ', 'NSU360 | Description :: Member_message_payment_confirmation ', 'NSU360,keywords,Member_message_payment_confirmation ', 29, 'member_message_payment_confirmation', '<p>JENJENJENJENJENJENJEN Member Message Payment Confirmation. Lorem ipsum dolor sit amet, consectetur adipiscing elit. Praesent at erat et metus dapibus tincidunt at sit amet tortor. Donec hendrerit elit at arcu facilisis egestas. Maecenas tempus, libero eu interdum cursus, est turpis tristique sapien, ut porta mi magna vel velit. Duis in nulla at mauris sodales condimentum in id dui. Sed faucibus tellus id metus consequat tincidunt.&nbsp;</p>', '', 1, '', ''),
('NSU360 | Model_my_appointment ', 'NSU360 | Description :: Model_my_appointment ', 'NSU360,keywords,Model_my_appointment ', 57, 'model_my_appointment', '0', 'meta', 0, '', ''),
('0', '0', '0', 65, 'studio_add_model_confirmation', '<p>&nbsp;JEN&nbsp;JEN&nbsp;JEN&nbsp;JEN&nbsp;JEN Studio_add_model_confirmation. Lorem ipsum dolor sit amet, consectetur adipiscing elit. Praesent at erat et metus dapibus tincidunt at sit amet tortor. Donec hendrerit elit at arcu facilisis egestas. Maecenas tempus, libero eu interdum cursus, est turpis tristique sapien, ut porta mi magna vel velit.</p>\n<div id="_mcePaste" class="mcePaste"  absolute; left: 0px; top: -25px; width: 1px; height: 1px; overflow: hidden;"></div>', 'data', 1, '', ''),
('0', '0', '0', 30, 'splash_18_up', '<p>&nbsp;JEN&nbsp;JEN&nbsp;JEN&nbsp;JEN&nbsp;JEN&nbsp;JEN&nbsp;JEN 18 and Up Splash Window content. Lorem ipsum dolor sit amet, consectetur adipiscing elit. Praesent at erat et metus dapibus tincidunt at sit amet tortor. Donec hendrerit elit at arcu facilisis egestas. Maecenas tempus, libero eu interdum cursus, est turpis tristique sapien, ut porta mi magna vel velit. Duis in nulla at mauris sodales condimentum in id dui. Sed faucibus tellus id metus consequat tincidunt. Sed fringilla adipiscing nisi, ut scelerisque enim gravida eget. Curabitur quis ligula magna.</p>\n<div id="_mcePaste" class="mcePaste"  absolute; left: 0px; top: -25px; width: 1px; height: 1px; overflow: hidden;"></div>', 'data', 1, '', ''),
('NSU360 | Model_tutorial ', 'NSU360 | Description :: Model_tutorial ', 'NSU360,keywords,model_Tutorial ', 45, 'model_tutorial', '0', 'meta', 0, '', ''),
('NSU360 | Studio_support_request ', 'NSU360 | Description :: Studio_support_request ', 'NSU360,keywords,Studio_support_request ', 110, 'studio_support_request', '0', 'meta', 0, '', ''),
('0', '0', '0', 37, 'member_support_request_close_ticket', '<p>&nbsp;JEN&nbsp;JEN&nbsp;JEN&nbsp;JEN Member_support_request_close_ticket. Lorem ipsum dolor sit amet, consectetur adipiscing elit. Praesent at erat et metus dapibus tincidunt at sit amet tortor. Donec hendrerit elit at arcu facilisis egestas. Maecenas tempus, libero eu interdum cursus, est turpis tristique sapien, ut porta mi magna vel velit. Duis in nulla at mauris sodales condimentum in id dui.</p>\n<div id="_mcePaste" class="mcePaste">??</div>', 'data', 1, '', ''),
('NSU360 | Member_support_request_close_ticket_confirmation ', 'NSU360 | Description :: Member_support_request_close_ticket_confirmation ', 'NSU360,keywords,Member_support_request_close_ticket_confirmation ', 38, 'member_support_request_close_ticket_confirmation', '<p>&nbsp;JEN&nbsp;JEN Member_support_request_close_ticket_confirmation. Lorem ipsum dolor sit amet, consectetur adipiscing elit. Praesent at erat et metus dapibus tincidunt at sit amet tortor. Donec hendrerit elit at arcu facilisis egestas. Maecenas tempus, libero eu interdum cursus, est turpis tristique sapien, ut porta mi magna vel velit. Duis in nulla at mauris sodales condimentum in id dui. Sed faucibus tellus id metus consequat tincidunt. Sed fringilla adipiscing nisi, ut scelerisque enim gravida eget. Curabitur quis ligula magna. Nunc risus lacus, fringilla eget dictum vitae, viverra in odio. Integer viverra lectus id odio malesuada porttitor. Praesent eu cursus lorem. Duis facilisis elit pellentesque erat ornare id rhoncus diam venenatis. Cras mattis augue ac dui sodales sodales.</p>\n<div id="_mcePaste" class="mcePaste">??</div>', '', 1, '', ''),
('NSU360 | Member_upgrade_account ', 'NSU360 | Description :: Member_upgrade_account ', 'NSU360,keywords,Member_upgrade_account ', 39, 'member_upgrade_account', '<div>&nbsp;JEN&nbsp;JEN&nbsp;JEN</div>\n<ul class="left dif_li_bg">\n<li>Upgrade your account! dolor sit amet, consectetur adipiscing elit. </li>\n<li>Pellentesque et elit ac libero convallis sollicitudin eget quis ligula.</li>\n<li>Aenean cursus accumsan laoreet. Phasellus bibendum orci at nisi adipiscing.</li>\n<li>&nbsp;JEN&nbsp;JEN</li>\n</ul>\n<ul class="right dif_li_bg">\n<li>Pellentesque habitant morbi tristique senectus et netus et malesuada.</li>\n<li>&nbsp;JEN&nbsp;JEN</li>\n<li>Aenean cursus accumsan laoreet. Phasellus bibendum orci at nisi adipiscing.</li>\n<li>Lorem ipsum dolor sit amet, consectetur adipiscing elit. </li>\n</ul>\n<div>&nbsp;JEN&nbsp;JEN&nbsp;JEN&nbsp;JEN&nbsp;JEN</div>\n<div id="_mcePaste" class="mcePaste"  absolute; left: 0px; top: -25px; width: 1px; height: 1px; overflow: hidden;"></div>', '', 1, '', ''),
('NSU360 | Member_my_subscription ', 'NSU360 | Description :: Member_my_subscription ', 'NSU360,keywords,Member_my_subscription ', 40, 'member_my_subscription', '0', 'meta', 0, '', ''),
('0', '0', '0', 191, 'studio_add_modelconfirmation', '<p>&nbsp;JEN&nbsp;JEN&nbsp;JEN&nbsp;JEN&nbsp;JEN Studio Add Model Confirmation. Lorem ipsum dolor sit amet, consectetur adipiscing elit. Praesent at erat et metus dapibus tincidunt at sit amet tortor. Donec hendrerit elit at arcu facilisis egestas. Maecenas tempus, libero eu interdum cursus, est turpis tristique sapien, ut porta mi magna vel velit. Duis in nulla at mauris sodales condimentum in id dui. Sed faucibus tellus id metus consequat tincidunt. Sed fringilla adipiscing nisi, ut scelerisque enim gravida eget.</p>\n<div id="_mcePaste" class="mcePaste"  absolute; left: 0px; top: -25px; width: 1px; height: 1px; overflow: hidden;"></div>', 'data', 1, '', ''),
('NSU360 | Member_transaction_reports ', 'NSU360 | Description :: Member_transaction_reports ', 'NSU360,keywords,Member_transaction_reports ', 71, 'member_transaction_reports', '0', 'meta', 0, '', ''),
('NSU360 | Member_my_subscription_cancel_confirmation ', 'NSU360 | Description :: Member_my_subscription_cancel_confirmation ', 'NSU360,keywords,Member_my_subscription_cancel_confirmation ', 41, 'member_my_subscription_cancel_confirmation', '<p>&nbsp;JEN&nbsp;JEN&nbsp;JEN&nbsp;JEN Member_my_subscription_cancel_confirmation. Lorem ipsum dolor sit amet, consectetur adipiscing elit. Praesent at erat et metus dapibus tincidunt at sit amet tortor. Donec hendrerit elit at arcu facilisis egestas. Maecenas tempus, libero eu interdum cursus, est turpis tristique sapien, ut porta mi magna vel velit. Duis in nulla at mauris sodales condimentum in id dui.</p>\n<div id="_mcePaste" class="mcePaste">??</div>', '', 1, '', ''),
('0', '0', '0', 126, 'content_store_checkout_confirmation', '<p>JENNN Content_store_checkout_confirmation. Lorem ipsum dolor sit amet, consectetur adipiscing elit. Praesent at erat et metus dapibus tincidunt at sit amet tortor. Donec hendrerit elit at arcu facilisis egestas. Maecenas tempus, libero eu interdum cursus, est turpis tristique sapien, ut porta mi magna vel velit. Duis in nulla at mauris sodales condimentum in id dui. Sed faucibus tellus id metus consequat tincidunt. Sed fringilla adipiscing nisi, ut scelerisque enim gravida eget.</p>', 'data', 1, '', ''),
('NSU360 | Model_myaccount ', 'NSU360 | Description :: model_Myaccount ', 'NSU360,keywords,model_myAccount ', 42, 'model_myaccount', '0', 'meta', 0, '', ''),
('NSU360 | Model_my_customer_view ', 'NSU360 | Description :: Model_my_customer_view ', 'NSU360,keywords,Model_my_customer_view ', 56, 'model_my_customer_view', '0', 'meta', 0, '', ''),
('0', '0', '0', 147, 'footer_news_recent_post', '<ul>\n<li><a href="#">type and scrambled it to make a type specimen bofive enturies</a></li>\n<li><a href="#">type and scrambled it to make a type specimen bofive enturies</a></li>\n<li><a href="#">type and scrarstjhrtjhrtj srth srth pecimen bofive enturies</a></li>\n<li><a href="#">type and scrambled it to make a type specimen bofive enturies</a></li>\n<li><a href="#">type and scrambled it to make a type specimen bofive enturies</a></li>\n<li><a href="#">type and scrambled it to make a type specimen bofive enturies</a></li>\n<li>a;poduhgiaeojrg</li>\n</ul>', 'data', 1, '', ''),
('NSU360 | Studio_mymodel ', 'NSU360:: Description :: Instructor_mystudents ', 'NSU360,keywords,Studio_mymodel ', 66, 'instructor_mystudents', '<p>&nbsp;JEN&nbsp;JEN&nbsp;JEN&nbsp;JEN&nbsp;JEN&nbsp;JEN&nbsp;JEN instructor_my students. Lorem ipsum dolor sit amet, consectetur adipiscing elit. Praesent at erat et metus dapibus tincidunt at sit amet tortor. Donec hendrerit elit at arcu facilisis egestas. Maecenas tempus, libero eu interdum cursus, est turpis tristique sapien, ut porta mi magna vel velit. Duis in nulla at mauris sodales condimentum in id dui. Sed faucibus tellus id metus consequat tincidunt.</p>\r\n<div id="_mcePaste" class="mcePaste">??</div>', '', 1, '', ''),
('NSU360 | Model_MyAccount_Edit ', 'NSU360 | Description :: model_myaccount_Edit ', 'NSU360,keywords,model_myaccount_Edit ', 43, 'model_myaccount_edit', '0', 'meta', 0, '', ''),
('NSU360 | Model_my_customer ', 'NSU360 | Description :: Model_my_customer ', 'NSU360,keywords,Model_my_customer ', 55, 'model_my_customer', '0', 'meta', 0, '', ''),
('NSU360 | Model_myaccount_edit_confirmation ', 'NSU360 | Description :: model_myaccount_edit_Confirmation ', 'NSU360,keywords,model_myaccount_edit_Confirmation ', 44, 'model_myaccount_edit_confirmation', '<p>&nbsp;JEN&nbsp;JEN&nbsp;JEN&nbsp;JEN Model My Account Edit Confirmation. Lorem ipsum dolor sit amet, consectetur adipiscing elit. Praesent at erat et metus dapibus tincidunt at sit amet tortor. Donec hendrerit elit at arcu facilisis egestas. Maecenas tempus, libero eu interdum cursus, est turpis tristique sapien, ut porta mi magna vel velit. Duis in nulla at mauris sodales condimentum in id dui. Sed faucibus tellus id metus consequat tincidunt. Sed fringilla adipiscing nisi, ut scelerisque enim gravida eget. Curabitur quis ligula magna.</p>\n<div id="_mcePaste" class="mcePaste"  absolute; left: 0px; top: -25px; width: 1px; height: 1px; overflow: hidden;"></div>', '', 1, '', ''),
('NSU360 | Model_message_view ', 'NSU360 | Description :: Model_message_view ', 'NSU360,keywords,Model_message_view ', 54, 'model_message_view', '0', 'meta', 0, '', ''),
('NSU360 | Studio_add_model ', 'NSU360 | Description :: Studio_add_model ', 'NSU360,keywords,Studio_add_model ', 64, 'studio_add_model', '<p>&nbsp;JEN&nbsp;JEN&nbsp;JEN&nbsp;JEN&nbsp;JEN&nbsp;JEN Studio_add_model. Lorem ipsum dolor sit amet, consectetur adipiscing elit. Praesent at erat et metus dapibus tincidunt at sit amet tortor. Donec hendrerit elit at arcu facilisis egestas. Maecenas tempus, libero eu interdum cursus, est turpis tristique sapien, ut porta mi magna vel velit. Duis in nulla at mauris sodales condimentum in id dui. Sed faucibus tellus id metus consequat tincidunt. Sed fringilla adipiscing nisi, ut scelerisque enim gravida eget. Curabitur quis ligula magna.</p>\n<div id="_mcePaste" class="mcePaste"  absolute; left: 0px; top: -25px; width: 1px; height: 1px; overflow: hidden;"></div>', '', 1, '', ''),
('NSU360 | Model_view_tutorial ', 'NSU360 | Description :: Model_view_tutorial ', 'NSU360,keywords,Model_view_tutorial ', 46, 'model_view_tutorial', '0', 'meta', 0, '', ''),
('NSU360 | Model_community ', 'NSU360 | Description :: model_Community ', 'NSU360,keywords,model_Community ', 47, 'model_community', '0', 'meta', 0, '', ''),
('NSU360 | Model_message ', 'NSU360 | Description :: Model_message ', 'NSU360,keywords,Model_message ', 48, 'model_message', '0', 'meta', 0, '', ''),
('NSU360 | Model_financial_reports ', 'NSU360 | Description :: Model_financial_reports ', 'NSU360,keywords,Model_financial_reports ', 102, 'model_financial_reports', '0', 'meta', 0, '', ''),
('0', '0', '0', 68, 'studio_edit_model_confirmation', '<p>&nbsp;JEN&nbsp;JEN&nbsp;JEN&nbsp;JEN&nbsp;JEN&nbsp;JEN Studio_edit_model_confirmation. Lorem ipsum dolor sit amet, consectetur adipiscing elit. Praesent at erat et metus dapibus tincidunt at sit amet tortor. Donec hendrerit elit at arcu facilisis egestas. Maecenas tempus, libero eu interdum cursus, est turpis tristique sapien, ut porta mi magna vel velit. Duis in nulla at mauris sodales condimentum in id dui. Sed faucibus tellus id metus consequat tincidunt. Sed fringilla adipiscing nisi, ut scelerisque enim gravida eget. Curabitur quis ligula magna.</p>\n<div id="_mcePaste" class="mcePaste">??</div>', 'data', 1, '', ''),
('0', '0', '0', 49, 'model_message_remove_message', '<p>&nbsp;JEN&nbsp;JEN&nbsp;JEN&nbsp;JEN&nbsp;JEN&nbsp;JEN&nbsp;JEN Model_message_remove_message. your messae has been removed.</p>\n<div id="_mcePaste" class="mcePaste">??</div>', 'data', 1, '', ''),
('0', '0', '0', 51, 'model_message_send_confirmation', '<p>&nbsp;JEN&nbsp;JEN&nbsp;JEN&nbsp;JEN Model_message_send_confirmation. Lorem ipsum dolor sit amet, consectetur adipiscing elit. Praesent at erat et metus dapibus tincidunt at sit amet tortor. Donec hendrerit elit at arcu facilisis egestas. Maecenas tempus, libero eu interdum cursus, est turpis tristique sapien, ut porta mi magna vel velit. Duis in nulla at mauris sodales condimentum in id dui. Sed faucibus tellus id metus consequat tincidunt. Sed fringilla adipiscing nisi, ut scelerisque enim gravida eget. Curabitur quis ligula magna...</p>\n<div id="_mcePaste" class="mcePaste"  absolute; left: 0px; top: -25px; width: 1px; height: 1px; overflow: hidden;"></div>', 'data', 1, '', ''),
('0', '0', '0', 190, 'studio_signupcontentconfirm', '<p>&nbsp;JEN&nbsp;JEN&nbsp;JEN&nbsp;JEN&nbsp;JEN&nbsp;JEN Studio Sign Up Confirmation. Lorem ipsum dolor sit amet, consectetur adipiscing elit. Praesent at erat et metus dapibus tincidunt at sit amet tortor. Donec hendrerit elit at arcu facilisis egestas. Maecenas tempus, libero eu interdum cursus, est turpis tristique sapien, ut porta mi magna vel velit. Duis in nulla at mauris sodales condimentum in id dui. Sed faucibus tellus id metus consequat tincidunt. Sed fringilla adipiscing nisi, ut scelerisque enim gravida eget.</p>\n<div id="_mcePaste" class="mcePaste"  absolute; left: 0px; top: -25px; width: 1px; height: 1px; overflow: hidden;"></div>', 'data', 1, '', ''),
('0', '0', '0', 53, 'model_message_reply_confirmation', '<p>&nbsp;JEN&nbsp;JEN&nbsp;JEN&nbsp;JEN&nbsp;JEN Model_message_reply_confirmation. Lorem ipsum dolor sit amet, consectetur adipiscing elit. Praesent at erat et metus dapibus tincidunt at sit amet tortor. Donec hendrerit elit at arcu facilisis egestas. Maecenas tempus, libero eu interdum cursus, est turpis tristique sapien, ut porta mi magna vel velit. Duis in nulla at mauris sodales condimentum in id dui. Sed faucibus tellus id metus consequat tincidunt. Sed fringilla adipiscing nisi, ut scelerisque enim gravida eget.</p>\n<div id="_mcePaste" class="mcePaste"  absolute; left: 0px; top: -25px; width: 1px; height: 1px; overflow: hidden;"></div>', 'data', 1, '', ''),
('NSU360 | Studio_myaccount_edit_confirmation ', 'NSU360 | Description :: Studio_myaccount_edit_confirmation ', 'NSU360,keywords,Studio_myaccount_edit_confirmation ', 63, 'studio_myaccount_edit_confirmation', '<p>&nbsp;JEN&nbsp;JEN&nbsp;JEN&nbsp;JEN&nbsp;JEN&nbsp;JEN&nbsp;JEN Studio_myaccount_edit_confirmation. Lorem ipsum dolor sit amet, consectetur adipiscing elit. Praesent at erat et metus dapibus tincidunt at sit amet tortor. Donec hendrerit elit at arcu facilisis egestas. Maecenas tempus, libero eu interdum cursus, est turpis tristique sapien, ut porta mi magna vel velit. Duis in nulla at mauris sodales condimentum in id dui. Sed faucibus tellus id metus consequat tincidunt.</p>\n<div id="_mcePaste" class="mcePaste"  absolute; left: 0px; top: -25px; width: 1px; height: 1px; overflow: hidden;"></div>', '', 1, '', ''),
('0', '0', '0', 83, 'model_my_video_remove_confirmation', '<p>&nbsp;JEN&nbsp;JEN&nbsp;JEN&nbsp;JEN&nbsp;JEN Model_my_video_remove_confirmation. Lorem ipsum dolor sit amet, consectetur adipiscing elit. Praesent at erat et metus dapibus tincidunt at sit amet tortor. Donec hendrerit elit at arcu facilisis egestas. Maecenas tempus, libero eu interdum cursus, est turpis tristique sapien, ut porta mi magna vel velit. Duis in nulla at mauris sodales condimentum in id dui. Sed faucibus tellus id metus consequat tincidunt. Sed fringilla adipiscing nisi, ut scelerisque enim gravida eget. Curabitur quis ligula magna.</p>\n<div id="_mcePaste" class="mcePaste">??</div>', 'data', 1, '', ''),
('NSU360 | Model_my_video_add ', 'NSU360 | Description :: Model_my_video_add ', 'NSU360,keywords,Model_my_video_add ', 78, 'model_my_video_add', '0', 'meta', 0, '', ''),
('NSU360 | Phone_chat_search_filter ', 'NSU360 | Description :: Phone_chat_search_filter ', 'NSU360,keywords,Phone_chat_search_filter ', 118, 'phone_chat_search_filter', '0', 'meta', 0, '', ''),
('0', '0', '0', 136, 'my_camera', '<p>&nbsp;JEN&nbsp;JEN&nbsp;JEN&nbsp;JEN&nbsp;JEN&nbsp;JEN&nbsp;JEN&nbsp;JEN&nbsp;JEN My_camera. Lorem ipsum dolor sit amet, consectetur adipiscing elit. Praesent at erat et metus dapibus tincidunt at sit amet tortor. Donec hendrerit elit at arcu facilisis egestas. Maecenas tempus, libero eu interdum cursus, est turpis tristique sapien, ut porta mi magna vel velit. Duis in nulla at mauris sodales condimentum in id dui. Sed faucibus tellus id metus consequat tincidunt. Sed fringilla adipiscing nisi, ut scelerisque enim gravida eget.</p>\n<div id="_mcePaste" class="mcePaste"  absolute; left: 0px; top: -25px; width: 1px; height: 1px; overflow: hidden;"></div>', 'data', 1, '', ''),
('0', '0', '0', 79, 'model_my_video_add_confirmation', '<p>Model_my_video_add_confirmation:: This is a test of the controller.&nbsp;JEN&nbsp;JEN&nbsp;JEN&nbsp;JEN&nbsp;JEN&nbsp;JEN&nbsp;JEN&nbsp;JEN&nbsp;JEN&nbsp;JEN&nbsp;JEN</p>\n<div id="_mcePaste" class="mcePaste"  absolute; left: 0px; top: -25px; width: 1px; height: 1px; overflow: hidden;"></div>', 'data', 1, '', ''),
('NSU360 | Content_store_detail ', 'NSU360 | Description :: Content_store_detail JEN', 'NSU360,keywords,Content_store_detail ', 124, 'content_store_detail', '0', 'meta', 0, '', ''),
('NSU360 | Textchat ', 'NSU360 | Description :: Textchat ', 'NSU360,keywords,Textchat ', 119, 'textchat', '0', 'meta', 0, '', ''),
('NSU360 | Model_my_video_edit ', 'NSU360 | Description :: Model_my_video_edit ', 'NSU360,keywords,Model_my_video_edit ', 80, 'model_my_video_edit', '0', 'meta', 0, '', ''),
('0', '0', '0', 199, 'tip_model', '<p>&nbsp;JEN&nbsp;JEN&nbsp;JEN&nbsp;JEN&nbsp;JEN&nbsp;JEN Tip Model. Lorem ipsum dolor sit amet, consectetur adipiscing elit. Praesent at erat et metus dapibus tincidunt at sit amet tortor. Donec hendrerit elit at arcu facilisis egestas. Maecenas tempus, libero eu interdum cursus, est turpis tristique sapien, ut porta mi magna vel velit. Duis in nulla at mauris sodales condimentum in id dui. Sed faucibus tellus id metus consequat tincidunt. Sed fringilla adipiscing nisi, ut scelerisque enim gravida eget. Curabitur quis ligula magna.</p>\n<div id="_mcePaste" class="mcePaste"  absolute; left: 0px; top: -25px; width: 1px; height: 1px; overflow: hidden;"></div>', 'data', 1, '', ''),
('NSU360 | Textchat_search_filter ', 'NSU360 | Description :: Textchat_search_filter ', 'NSU360,keywords,Textchat_search_filter ', 120, 'textchat_search_filter', '0', 'meta', 0, '', ''),
('0', '0', '0', 81, 'model_my_video_edit_confirmation', '<p>Model_my_video_edit:: This is test content&nbsp;JEN&nbsp;JEN&nbsp;JEN&nbsp;JEN&nbsp;JEN&nbsp;JEN&nbsp;JEN&nbsp;JEN&nbsp;JEN&nbsp;JEN&nbsp;JEN</p>\n<div id="_mcePaste" class="mcePaste"  absolute; left: 0px; top: -25px; width: 1px; height: 1px; overflow: hidden;"></div>', 'data', 1, '', ''),
('0', '0', '0', 143, 'customer_services_technical_support', '<p>JENNNN Customer_services_technical_support. Lorem ipsum dolor sit amet, consectetur adipiscing elit. Praesent at erat et metus dapibus tincidunt at sit amet tortor. Donec hendrerit elit at arcu facilisis egestas. Maecenas tempus, libero eu interdum cursus, est turpis tristique sapien, ut porta mi magna vel velit. Duis in nulla at mauris sodales condimentum in id dui. Sed faucibus tellus id metus consequat tincidunt. Sed fringilla adipiscing nisi, ut scelerisque enim gravida eget. Curabitur quis ligula magna.</p>\n<div id="_mcePaste" class="mcePaste">??</div>', 'data', 1, '', ''),
('NSU360 | Video_on_demand ', 'NSU360 | Description :: Video_on_demand ', 'NSU360,keywords,Video_on_demand ', 121, 'video_on_demand', '<div>&nbsp;JEN&nbsp;JEN&nbsp;JEN&nbsp;JEN&nbsp;JEN&nbsp;JEN</div>\n<ul class="left dif_li_bg">\n<li>Video on Demand, consectetur adipiscing elit.</li>\n<li>Pellentesque et elit ac libero convallis sollicitudin eget quis ligula.</li>\n<li>&nbsp;JEN&nbsp;JEN&nbsp;JEN&nbsp;JEN&nbsp;JEN&nbsp;JEN&nbsp;JEN&nbsp;JEN</li>\n<li>Aenean cursus accumsan laoreet. Phasellus bibendum orci at nisi adipiscing.</li>\n</ul>\n<ul class="right dif_li_bg">\n<li>Pellentesque habitant morbi tristique senectus et netus et malesuada.</li>\n<li>Aenean cursus accumsan laoreet. Phasellus bibendum orci at nisi adipiscing.</li>\n<li>Lorem ipsum dolor sit amet, consectetur adipiscing elit. </li>\n</ul>\n<div>&nbsp;JEN&nbsp;JEN&nbsp;JEN&nbsp;JEN&nbsp;JEN&nbsp;JEN&nbsp;JEN</div>\n<div id="_mcePaste" class="mcePaste"  absolute; left: 0px; top: -25px; width: 1px; height: 1px; overflow: hidden;"></div>', '', 1, '', ''),
('NSU360 | Model_my_video_view ', 'NSU360 | Description :: Model_my_video_view ', 'NSU360,keywords,Model_my_video_view ', 82, 'model_my_video_view', '0', 'meta', 0, '', ''),
('NSU360 | Video_detail ', 'NSU360 | Description :: Video_detail ', 'NSU360,keywords,Video_detail ', 122, 'video_detail', '0', 'meta', 0, '', ''),
('NSU360 | Model_my_picture ', 'NSU360 | Description :: Model_my_picture ', 'NSU360,keywords,Model_my_picture ', 84, 'model_my_picture', '0', 'meta', 0, '', ''),
('NSU360 | Livecams_search_filter ', 'NSU360 | Description :: Livecams_search_filter ', 'NSU360,keywords,Livecams_search_filter ', 112, 'livecams_search_filter', '0', 'meta', 0, '', ''),
('NSU360 | Chat_appointment ', 'NSU360 | Description :: Chat_appointment ', 'NSU360,keywords,Chat_appointment ', 133, 'chat_appointment', '0', 'meta', 0, '', ''),
('0', '0', '0', 145, 'customer_services_billing_support', '<p>JENN Customer_services_billing_support. Lorem ipsum dolor sit amet, consectetur adipiscing elit. Praesent at erat et metus dapibus tincidunt at sit amet tortor. Donec hendrerit elit at arcu facilisis egestas. Maecenas tempus, libero eu interdum cursus, est turpis tristique sapien, ut porta mi magna vel velit. Duis in nulla at mauris sodales condimentum in id dui. Sed faucibus tellus id metus consequat tincidunt. Sed fringilla adipiscing nisi, ut scelerisque enim gravida eget.</p>\n<div id="_mcePaste" class="mcePaste">??</div>', 'data', 1, '', ''),
('NSU360 | Studio_view_support_request ', 'NSU360 | Description :: Studio_view_support_request ', 'NSU360,keywords,Studio_view_support_request ', 111, 'studio_view_support_request', '0', 'meta', 0, '', ''),
('NSU360 | Model_my_picture_add ', 'NSU360 | Description :: Model_my_picture_add ', 'NSU360,keywords,Model_my_picture_add ', 85, 'model_my_picture_add', '0', 'meta', 0, '', ''),
('NSU360 | Content_store ', 'NSU360 | Description :: Content_store ', 'NSU360,keywords,Content_store ', 123, 'content_store', '0', 'meta', 0, '', ''),
('NSU360 | Allmodels_search_filter ', 'NSU360 | Description :: Allmodels_search_filter ', 'NSU360,keywords,Allmodels_search_filter ', 114, 'allmodels_search_filter', '0', 'meta', 0, '', ''),
('0', '0', '0', 86, 'model_my_picture_add_confirmation', '<p>&nbsp;JEN&nbsp;JEN&nbsp;JEN&nbsp;JEN&nbsp;JEN&nbsp;JEN&nbsp;JEN Model. My picture was added.</p>\n<div id="_mcePaste" class="mcePaste"  absolute; left: 0px; top: -25px; width: 1px; height: 1px; overflow: hidden;"></div>', 'data', 1, '', ''),
('0', '0', '0', 144, 'customer_services_feedback', '<p>JENNN Customer_services_feedback. Lorem ipsum dolor sit amet, consectetur adipiscing elit. Praesent at erat et metus dapibus tincidunt at sit amet tortor. Donec hendrerit elit at arcu facilisis egestas. Maecenas tempus, libero eu interdum cursus, est turpis tristique sapien, ut porta mi magna vel velit. Duis in nulla at mauris sodales condimentum in id dui. Sed faucibus tellus id metus consequat tincidunt. Sed fringilla adipiscing nisi, ut scelerisque enim gravida eget. Curabitur quis ligula magna.</p>\n<div id="_mcePaste" class="mcePaste">??</div>', 'data', 1, '', ''),
('0', '0', '0', 134, 'chat_appointment_confirmation', '<p><em>JEN</em> Chat_appointment_confirmation. Lorem ipsum dolor sit amet, consectetur adipiscing elit. Praesent at erat et metus dapibus tincidunt at sit amet tortor. Donec hendrerit elit at arcu facilisis egestas. Maecenas tempus, libero eu interdum cursus, est turpis tristique sapien, ut porta mi magna vel velit. Duis in nulla at mauris sodales condimentum in id dui. Sed <sup>faucibus</sup> tellus id metus <sub>consequat</sub> tincidunt. Sed fringilla adipiscing nisi, ut scelerisque enim gravida eget.</p>', 'data', 1, '', ''),
('NSU360 | Model_my_picture_edit ', 'NSU360 | Description :: Model_my_picture_edit ', 'NSU360,keywords,Model_my_picture_edit ', 87, 'model_my_picture_edit', '0', 'meta', 0, '', ''),
('NSU360 | Voyeur ', 'NSU360 | Description :: Voyeur ', 'NSU360,keywords,Voyeur ', 115, 'voyeur', '0', 'meta', 0, '', ''),
('0', '0', '0', 88, 'model_my_picture_edit_confirmation', '<p>This is test message&nbsp;&nbsp;JEN&nbsp;JEN&nbsp;JEN&nbsp;JEN&nbsp;JEN&nbsp;JEN&nbsp;JEN&nbsp;JEN&nbsp;JEN&nbsp;JEN&nbsp;JEN&nbsp;JEN&nbsp;JEN&nbsp;</p>\n<div id="_mcePaste" class="mcePaste"  absolute; left: 0px; top: -25px; width: 1px; height: 1px; overflow: hidden;"></div>', 'data', 1, '', ''),
('NSU360 | Customer_services ', 'NSU360 | Description :: Customer_services ', 'NSU360,keywords,Customer_services ', 142, 'customer_services', '0', 'meta', 0, '', ''),
('NSU360 | Model_detail ', 'NSU360 | Description :: Model_detail ', 'NSU360,keywords,Model_detail ', 196, 'model_detail', '0', 'meta', 0, '', ''),
('NSU360 | Allmodels ', 'NSU360 | Description :: Allmodels ', 'NSU360,keywords,Allmodels ', 116, 'allmodels', '0', 'meta', 0, '', ''),
('NSU360 | Model_my_picture_view ', 'NSU360 | Description :: Model_my_picture_view ', 'NSU360,keywords,Model_my_picture_view ', 89, 'model_my_picture_view', '0', 'meta', 0, '', ''),
('0', '0', '0', 141, 'comparison_slide_down', '<p>JENN Comparison_slide_down. Lorem ipsum dolor sit amet, consectetur adipiscing elit. Praesent at erat et metus dapibus tincidunt at sit amet tortor. Donec hendrerit elit at arcu facilisis egestas. Maecenas tempus, libero eu interdum cursus, est turpis tristique sapien, ut porta mi magna vel velit. Duis in nulla at mauris sodales condimentum in id dui. Sed faucibus tellus id metus consequat tincidunt. Sed fringilla adipiscing nisi, ut scelerisque enim gravida eget.</p>', 'data', 1, '', ''),
('NSU360 | Phone_chat ', 'NSU360 | Description :: Phone_chat ', 'NSU360,keywords,Phone_chat ', 117, 'phone_chat', '0', 'meta', 0, '', ''),
('0', '0', '0', 90, 'model_my_picture_remove', '<p>Are you sure you want to remove this Picture? <br />This action CANNOT be reversed.&nbsp;JEN&nbsp;JEN&nbsp;JEN&nbsp;JEN&nbsp;JEN&nbsp;JEN&nbsp;JEN&nbsp;JEN&nbsp;JEN&nbsp;JEN&nbsp;JEN</p>\n<div id="_mcePaste" class="mcePaste"  absolute; left: 0px; top: -25px; width: 1px; height: 1px; overflow: hidden;"></div>', 'data', 1, '', ''),
('0', '0', '0', 91, 'model_my_picture_remove_confirmation', '<p>Model_my_picture_remove_confirmation. Lorem ipsum dolor sit amet, consectetur adipiscing elit. Praesent at erat et metus dapibus tincidunt at sit amet tortor. Donec hendrerit elit at arcu facilisis egestas. Maecenas tempus, libero eu interdum cursus, est turpis tristique sapien, ut porta mi magna vel velit. Duis in nulla at mauris sodales condimentum in id dui. Sed faucibus tellus id metus consequat tincidunt. Sed fringilla adipiscing nisi, ut scelerisque enim gravida eget.&nbsp;JEN&nbsp;JEN&nbsp;JEN&nbsp;JEN&nbsp;JEN&nbsp;JEN&nbsp;JEN&nbsp;JEN&nbsp;JEN&nbsp;JEN&nbsp;JEN&nbsp;JEN</p>\n<div id="_mcePaste" class="mcePaste"  absolute; left: 0px; top: -25px; width: 1px; height: 1px; overflow: hidden;"></div>', 'data', 1, '', ''),
('NSU360 | Studio_support_request_responde ', 'NSU360 | Description :: Studio_support_request_responde ', 'NSU360,keywords,Studio_support_request_responde ', 113, 'studio_support_request_responde', '0', 'meta', 0, '', ''),
('NSU360 | Model_my_item ', 'NSU360 | Description :: Model_my_item ', 'NSU360,keywords,Model_my_item ', 92, 'model_my_item', '0', 'meta', 0, '', ''),
('NSU360 | Model_support_request_response_confirmation ', 'NSU360 | Description :: Model_support_request_response_confirmation ', 'NSU360,keywords,Model_support_request_response_confirmation ', 106, 'model_support_request_response_confirmation', '<p>&nbsp;JEN&nbsp;JEN&nbsp;JEN&nbsp;JEN&nbsp;JEN&nbsp;JEN Model_support_request_response_confirmation. Lorem ipsum dolor sit amet, consectetur adipiscing elit. Praesent at erat et metus dapibus tincidunt at sit amet tortor. Donec hendrerit elit at arcu facilisis egestas. Maecenas tempus, libero eu interdum cursus, est turpis tristique sapien, ut porta mi magna vel velit. Duis in nulla at mauris sodales condimentum in id dui. Sed faucibus tellus id metus consequat tincidunt. Sed fringilla adipiscing nisi, ut scelerisque enim gravida eget. Curabitur quis ligula magna.</p>\n<div id="_mcePaste" class="mcePaste"  absolute; left: 0px; top: -25px; width: 1px; height: 1px; overflow: hidden;"></div>', '', 1, '', ''),
('NSU360 | Model_my_item_add ', 'NSU360 | Description :: Model_my_item_add ', 'NSU360,keywords,Model_my_item_add ', 93, 'model_my_item_add', '0', 'meta', 0, '', ''),
('0', '0', '0', 94, 'model_my_item_add_confirmation', '<p>&nbsp;JEN&nbsp;JEN&nbsp;JEN&nbsp;JEN&nbsp;JEN&nbsp;JEN&nbsp;JEN&nbsp;JEN Model My Item Add Confirmation. This is a test content.</p>\n<div id="_mcePaste" class="mcePaste"  absolute; left: 0px; top: -25px; width: 1px; height: 1px; overflow: hidden;"></div>', 'data', 1, '', '');
INSERT INTO `content` (`title`, `description`, `keywords`, `content_id`, `name`, `data`, `type`, `tiny_enabled`, `page_name`, `video`) VALUES
('0', '0', '0', 146, 'footer_news_content', '<ul>\n<li>\n<div class="left"><img src="http://wsddev3.com/dev/jude/images/newsimg.jpg" alt=" " width="250" height="159" /></div>\n<div class="right">\n<h5><a href="#">Lorem Ipsum is simply dummy text of the printing and</a></h5>\n<div class="newsdate">02-13-2013</div>\n<p>type and scrambled it to make a type specimen book. It has survived not only five centuries, but also the leap into electronic typesetting, remaining essentially unchanged.</p>\n<p>It was popularised in the 1960s with the release of Letraset sheets containing Lorem Ipsum passages, and more recently including versions of Lorem Ipsum. Lorem Ipsum is simply dummy text of the printing and typesetting industry. Lorem Ipsum has been the industry''s standard dummy text ever since the 1500s</p>\n</div>\n<div class="clear">&nbsp;</div>\n<div class="newsshare">Share: <a href="#"><img src="http://wsddev3.com/dev/jude/images/fb_share.gif" alt="share on facebook" /></a> <a href="#"><img src="http://wsddev3.com/dev/jude/images/twitter_share.gif" alt="share on twitter" /></a></div>\n</li>\n<li>\n<div class="left"><img src="http://wsddev3.com/dev/jude/images/newsimg.jpg" alt=" " width="250" height="159" /></div>\n<div class="right">\n<h5><a href="#">Lorem Ipsum is simply dummy text of the printing and</a></h5>\n<div class="newsdate">02-13-2013</div>\n<p>type and scrambled it to make a type specimen book. It has survived not only five centuries, but also the leap into electronic typesetting, remaining essentially unchanged.</p>\n<p>It was popularised in the 1960s with the release of Letraset sheets containing Lorem Ipsum passages, and more recently including versions of Lorem Ipsum. Lorem Ipsum is simply dummy text of the printing and typesetting industry. Lorem Ipsum has been the industry''s standard dummy text ever since the 1500s</p>\n</div>\n<div class="clear">&nbsp;</div>\n<div class="newsshare">Share: <a href="#"><img src="http://wsddev3.com/dev/jude/images/fb_share.gif" alt="share on facebook" /></a> <a href="#"><img src="http://wsddev3.com/dev/jude/images/twitter_share.gif" alt="share on twitter" /></a></div>\n</li>\n<li>\n<div class="left"><img src="http://wsddev3.com/dev/jude/images/newsimg.jpg" alt=" " width="250" height="159" /></div>\n<div class="right">\n<h5><a href="#">Lorem Ipsum is simply dummy text of the printing and</a></h5>\n<div class="newsdate">02-13-2013</div>\n<p><strong>type and scrambled</strong> it to make a type specimen book. It has survived not only five centuries, but also the leap into electronic typesetting, remaining essentially unchanged.</p>\n<p>It was popularised in the 1960s with the release of Letraset sheets containing Lorem Ipsum passages, and more recently including versions of Lorem Ipsum. Lorem Ipsum is simply dummy text of the printing and typesetting industry. Lorem Ipsum has been the industry''s standard dummy text ever since the 1500s</p>\n</div>\n<div class="clear">&nbsp;</div>\n<div class="newsshare">Share: <a href="#"><img src="http://wsddev3.com/dev/jude/images/fb_share.gif" alt="share on facebook" /></a> <a href="#"><img src="http://wsddev3.com/dev/jude/images/twitter_share.gif" alt="share on twitter" /></a></div>\n</li>\n<li>\n<div class="left"><img src="http://wsddev3.com/dev/jude/images/newsimg.jpg" alt=" " width="250" height="159" /></div>\n<div class="right">\n<h5><a href="#">Lorem Ipsum is simply dummy text of the printing and</a></h5>\n<div class="newsdate">02-13-2013</div>\n<p>type and scrambled it to make a type specimen book. It has survived not only five centuries, but also the leap into electronic typesetting, remaining essentially unchanged.</p>\n<p>It was popularised in the 1960s with the release of Letraset sheets containing Lorem Ipsum passages, and more recently including versions of Lorem Ipsum. Lorem Ipsum is simply dummy text of the printing a<font color="#ff00ff"><strong>nd typesetting industry. Lorem Ipsum has been the industr</strong></font>y''s standard dummy text ever since the 1500s</p>\n</div>\n<div class="clear">&nbsp;</div>\n<div class="newsshare">Share: <a href="#"><img src="http://wsddev3.com/dev/jude/images/fb_share.gif" alt="share on facebook" /></a> <a href="#"> <img src="http://wsddev3.com/dev/jude/images/twitter_share.gif" alt="share on twitter" /></a></div>\n</li>\n</ul>', 'data', 1, '', ''),
('0', '0', '0', 107, 'model_support_request_close_ticket', '<p>&nbsp;JEN&nbsp;JEN&nbsp;JEN&nbsp;JEN Model_support_request_close_ticket. Lorem ipsum dolor sit amet, consectetur adipiscing elit. Praesent at erat et metus dapibus tincidunt at sit amet tortor. Donec hendrerit elit at arcu facilisis egestas. Maecenas tempus, libero eu interdum cursus, est turpis tristique sapien, ut porta mi magna vel velit. Duis in nulla at mauris sodales condimentum in id dui. Sed faucibus tellus id metus consequat tincidunt. Sed fringilla adipiscing nisi, ut scelerisque enim gravida eget.</p>\n<div id="_mcePaste" class="mcePaste">??</div>', 'data', 1, '', ''),
('NSU360 | Model_my_item_edit ', 'NSU360 | Description :: Model_my_item_edit ', 'NSU360,keywords,Model_my_item_edit ', 95, 'model_my_item_edit', '0', 'meta', 0, '', ''),
('NSU360 | Model_support_request_close_ticket_confirmation ', 'NSU360 | Description :: Model_support_request_close_ticket_confirmation ', 'NSU360,keywords,Model_support_request_close_ticket_confirmation ', 108, 'model_support_request_close_ticket_confirmation', '<p>&nbsp;JEN&nbsp;JEN&nbsp;JEN&nbsp;JEN&nbsp;JEN&nbsp;JEN&nbsp;JEN Model_support_request_close_ticket_confirmation. Lorem ipsum dolor sit amet, consectetur adipiscing elit. Praesent at erat et metus dapibus tincidunt at sit amet tortor. Donec hendrerit elit at arcu facilisis egestas. Maecenas tempus, libero eu interdum cursus, est turpis tristique sapien, ut porta mi magna vel velit. Duis in nulla at mauris sodales condimentum in id dui. Sed faucibus tellus id metus consequat tincidunt. Sed fringilla adipiscing nisi, ut scelerisque enim gravida eget.</p>\n<div id="_mcePaste" class="mcePaste">??</div>', '', 1, '', ''),
('0', '0', '0', 96, 'model_my_item_edit_confirmation', '<p>&nbsp;JEN&nbsp;JEN&nbsp;JEN&nbsp;JEN&nbsp;JEN&nbsp;JEN&nbsp;JEN&nbsp;JEN&nbsp;JEN&nbsp;JEN&nbsp;JEN My Item Edit confirmation. This is a test content.</p>\n<div id="_mcePaste" class="mcePaste"  absolute; left: 0px; top: -25px; width: 1px; height: 1px; overflow: hidden;"></div>', 'data', 1, '', ''),
('NSU360 | Footer_news_detail ', 'NSU360 | Description :: Footer_news_detail ', 'NSU360,keywords,Footer_news_detail ', 129, 'footer_news_detail', '0', 'meta', 0, '', ''),
('NSU360 | Model_my_item_view ', 'NSU360 | Description :: Model_my_item_view ', 'NSU360,keywords,Model_my_item_view ', 97, 'model_my_item_view', '0', 'meta', 0, '', ''),
('0', '0', '0', 137, 'camera_activate', '<p><strong><em>JEN</em></strong> Camera_activate. Lorem ipsum dolor sit amet, consectetur adipiscing elit. Praesent at erat et metus dapibus tincidunt at sit amet tortor. Donec hendrerit elit at arcu facilisis egestas. Maecenas tempus, libero eu interdum cursus, est turpis tristique sapien, ut porta mi magna vel velit. Duis in nulla at mauris sodales condimentum in id dui. Sed faucibus tellus id metus consequat tincidunt. Sed <font color="#ff00ff">fringilla</font> adipiscing nisi, ut scelerisque enim gravida eget.&nbsp;<img title="Cool" src="http://wsddev3.com/dev/jude/js/tiny_mce_new/plugins/emotions/img/smiley-cool.gif" border="0" alt="Cool" /></p>', 'data', 1, '', ''),
('0', '0', '0', 98, 'model_my_item_remove', '<p>&nbsp;JEN&nbsp;JEN&nbsp;JEN&nbsp;JEN&nbsp;JEN&nbsp;JEN&nbsp;JEN Are you sure you want to remove this Item? This action CANNOT be reversed.</p>\n<div id="_mcePaste" class="mcePaste"  absolute; left: 0px; top: -25px; width: 1px; height: 1px; overflow: hidden;"></div>', 'data', 1, '', ''),
('0', '0', '0', 99, 'model_my_item_remove_confirmation', '<p>&nbsp;JEN&nbsp;JEN&nbsp;JEN&nbsp;JEN&nbsp;JEN&nbsp;JEN&nbsp;JEN&nbsp;JEN&nbsp;JEN&nbsp;JEN&nbsp;JEN&nbsp;JEN&nbsp;JEN&nbsp;JEN&nbsp;JEN&nbsp;JEN&nbsp;JEN&nbsp;JEN&nbsp;JEN Model_my_item_remove_confirmation. Lorem ipsum dolor sit amet, consectetur adipiscing elit. Praesent at erat et metus dapibus tincidunt at sit amet tortor. Donec hendrerit elit at arcu facilisis egestas. Maecenas tempus, libero eu interdum cursus, est turpis tristique sapien, ut porta mi magna vel velit. Duis in nulla at mauris sodales condimentum in id dui. Sed faucibus tellus id metus consequat tincidunt. Sed fringilla adipiscing nisi, ut scelerisque enim gravida eget.</p>\n<div id="_mcePaste" class="mcePaste">??</div>', 'data', 1, '', ''),
('NSU360 | How_it_works ', 'NSU360 | Description :: How_it_work ', 'NSU360,keywords,How_it_works ', 139, 'how_it_works', '<p>JENNNNN How_it_works. Lorem ipsum dolor sit amet, consectetur adipiscing elit. Praesent at erat et metus dapibus tincidunt at sit amet tortor. Donec hendrerit elit at arcu facilisis egestas. Maecenas tempus, libero eu interdum cursus, est turpis tristique sapien, ut porta mi magna vel velit. Duis in nulla at mauris sodales condimentum in id dui. Sed faucibus tellus id metus consequat tincidunt. Sed fringilla adipiscing nisi, ut scelerisque enim gravida eget. Curabitur quis ligula magna. Nunc risus lacus, fringilla eget dictum vitae, viverra in odio. Integer viverra lectus id odio malesuada porttitor. Praesent eu cursus lorem. Duis facilisis elit pellentesque erat ornare id rhoncus diam venenatis. Cras mattis augue ac dui sodales sodales.</p>', '', 1, '', ''),
('NSU360 | Comment ', 'NSU360 | Description :: Comment ', 'NSU360,keywords,Comment ', 131, 'comment', '0', 'meta', 0, '', ''),
('NSU360 | Model_my_wishlist ', 'NSU360 | Description :: Model_my_wishlist ', 'NSU360,keywords,Model_my_wishlist ', 109, 'model_my_wishlist', '0', 'meta', 0, '', ''),
('0', '0', '0', 149, 'footer_news_article_content', '<div class="newsdate"><em>02-13-2013</em></div>\n<h5>Lorem Ipsum is simply dummy text of the printing and</h5>\n<div class="authorname">Author: <a href="#">Lorem Ipsum</a></div>\n<div><img src="http://wsddev3.com/dev/jude/images/detail_img.jpg" alt=" " width="776" height="353" /></div>\n<p><em>JEN type</em> and scrambled it to make a type specimen book. It has survived not only five centuries, but also the leap into electronic typesetting, remaining essentially unchanged.</p>\n<p>It was popularised in the 1960s with the release of Letraset sheets containing Lorem Ipsum passages, and more recently including versions of Lorem Ipsum.galley of type and scrambled it to make a type specimen book. It has survived not only five centuries, but also the leap into electronic typesetting, remaining essentially unchanged.</p>\n<p>Lorem Ipsum is simply dummy text of the printing and typesetting industry. Lorem Ipsum has been the industry''s standard dummy text ever since the 1500sgalley of type and scrambled it to make a type specimen book. It has survived not only five centuries, but also the leap into electronic typesetting, remaining essentially unchanged. galley of type and scrambled it to make a type specimen book. It has survived not only five centuries, but also the leap into electronic typesetting, remaining essentially unchanged.It was popularised in the 1960s with the release of Letraset sheets containing Lorem Ipsum passages, and more recently including versions of Lorem Ipsum.</p>\n<p>Lorem Ipsum is simply dummy text of the printing and typesetting industry. Lorem Ipsum has been the industry''s standard dummy text ever since galley of type and scrambled it to make a type specimen book. It has survived not only five centuries, but also the leap into electronic typesetting,</p>\n<div class="entercomments"><a class="a_btn" href="#">Comment</a></div>', 'data', 1, '', ''),
('0', '0', '0', 150, 'footer_news_article_recent_post', '<ul>\n<li><a href="#">type and scrambled it to make a type specimen bofive enturies</a></li>\n<li><a href="#">type and scrambled it to make a type specimen bofive enturies</a></li>\n<li><a href="#">type and scrambled it to make a type specimen bofive enturies</a></li>\n<li><a href="#">type and scrambled it to make a type specimen bos</a>dkjfngfg er</li>\n<li><a href="#">type and scrambled it to make a type specimen bofive enturies</a></li>\n<li><a href="#">type and scrambled it to make a type specimen bofive enturies</a></li>\n<li>aosdkjf aepirjof aad</li>\n</ul>', 'data', 1, '', ''),
('0', '0', '0', 151, 'footer_news_article_recent_comments', '<ul>\n<li><a href="#">Lorem Ipsum:</a> scrambled it to make a type specimen bookfive</li>\n<li><a href="#">Lorem Ipsum:</a> scrambled it to make a type specimen bookfive</li>\n<li><a href="#">Lorem Ipsum:</a> scrambled isrht bsrth&nbsp;</li>\n<li><a href="#">Lorem Ipsum:</a> scrambled it to make a type specimen bookfive</li>\n<li><a href="#">Lorem Ipsum:</a> scrambled it to make a type specimen bookfive</li>\n<li><a href="#">Lorem Ipsum:</a> scrambled it to make a type specimen bookfive</li>\n<li>;owienv;a ;aodfivn</li>\n</ul>', 'data', 1, '', ''),
('NSU360 | Footer_mainstream ', 'NSU360 | Description :: Footer_mainstream ', 'NSU360,keywords,Footer_mainstream ', 152, 'footer_mainstream', '<p>JEN Footer_mainstream. Lorem ipsum dolor sit amet, consectetur adipiscing elit. Praesent at erat et metus dapibus tincidunt at sit amet tortor. Donec hendrerit elit at arcu facilisis egestas. Maecenas tempus, libero eu interdum cursus, est turpis tristique sapien, ut porta mi magna vel velit. Duis in nulla at mauris sodales condimentum in id dui. Sed faucibus tellus id metus consequat tincidunt. Sed fringilla adipiscing nisi, ut scelerisque enim gravida eget. Curabitur quis ligula magna.</p>', '', 1, '', ''),
('0', '0', '0', 204, 'footer_mainstream_content', '<p>JEN Footer Mainstream Content. Lorem ipsum dolor sit amet, consectetur adipiscing elit. Praesent at erat et metus dapibus tincidunt at sit amet tortor. Donec hendrerit elit at arcu facilisis egestas. Maecenas tempus, libero eu interdum cursus, est turpis tristique sapien, ut porta mi magna vel velit. Duis in nulla at mauris sodales condimentum in id dui. Sed faucibus tellus id metus consequat tincidunt. Sed fringilla adipiscing nisi, ut scelerisque enim gravida eget.</p>', 'data', 1, '', ''),
('0', '0', '0', 205, 'footer_mainstream_recent_post', '<p>JEN Footer Mainstream Recent Post. Lorem ipsum dolor sit amet, consectetur adipiscing elit. Praesent at erat et metus dapibus tincidunt at sit amet tortor. Donec hendrerit elit at arcu facilisis egestas. Maecenas tempus, libero eu interdum cursus, est turpis tristique sapien, ut porta mi magna vel velit. Duis in nulla at mauris sodales condimentum in id dui. Sed faucibus tellus id metus consequat tincidunt. Sed fringilla adipiscing nisi, ut scelerisque enim gravida eget.</p>', 'data', 1, '', ''),
('NSU360 | Footer_mainstream_detail ', 'NSU360 | Description :: Footer_mainstream_detail ', 'NSU360,keywords,Footer_mainstream_detail ', 156, 'footer_mainstream_detail', '<p>JEN Footer Mainstream Detail. Lorem ipsum dolor sit amet, consectetur adipiscing elit. Praesent at erat et metus dapibus tincidunt at sit amet tortor. Donec hendrerit elit at arcu facilisis egestas. Maecenas tempus, libero eu interdum cursus, est turpis tristique sapien, ut porta mi magna vel velit. Duis in nulla at mauris sodales condimentum in id dui. Sed faucibus tellus id metus consequat tincidunt. Sed fringilla adipiscing nisi, ut scelerisque enim gravida eget.&nbsp;</p>', '', 1, '', ''),
('0', '0', '0', 206, 'footer_mainstream_recent_comments', '<p>JEN Footer Mainstream Recent Comments. Lorem ipsum dolor sit amet, consectetur adipiscing elit. Praesent at erat et metus dapibus tincidunt at sit amet tortor. Donec hendrerit elit at arcu facilisis egestas. Maecenas tempus, libero eu interdum cursus, est turpis tristique sapien, ut porta mi magna vel velit. Duis in nulla at mauris sodales condimentum in id dui. Sed faucibus tellus id metus consequat tincidunt. Sed fringilla adipiscing nisi, ut scelerisque enim gravida eget.</p>', 'data', 1, '', ''),
('NSU360 | register ', 'NSU360 | Description :: register ', 'NSU360,keywords,register ', 210, 'register', '<p>&nbsp;JEN&nbsp;JEN&nbsp;JEN&nbsp;JEN&nbsp;JEN&nbsp;JEN&nbsp;JEN&nbsp;JEN&nbsp;JEN Content ::register. Lorem ipsum dolor sit amet, consectetur adipiscing elit. Praesent at erat et metus dapibus tincidunt at sit amet tortor. Donec hendrerit elit at arcu facilisis egestas. Maecenas tempus, libero eu interdum cursus, est turpis tristique sapien, ut porta mi magna vel velit. Duis in nulla at mauris sodales condimentum in id dui. Sed faucibus tellus id metus consequat tincidunt. Sed fringilla adipiscing nisi, ut scelerisque enim gravida eget. Curabitur quis ligula magna. Nunc risus lacus, fringilla eget dictum vitae, viverra in odio. Integer viverra lectus id odio malesuada porttitor. Praesent eu cursus lorem. Duis facilisis elit pellentesque erat ornare id rhoncus diam venenatis. Cras mattis augue ac dui sodales sodales.</p>\n<div id="_mcePaste" class="mcePaste"  absolute; left: 0px; top: -25px; width: 1px; height: 1px; overflow: hidden;"></div>', '', 1, '', ''),
('0', '0', '0', 207, 'footer_mainstream_article_content', '<p>JEN Footer Mainstream Article Content. Lorem ipsum dolor sit amet, consectetur adipiscing elit. Praesent at erat et metus dapibus tincidunt at sit amet tortor. Donec hendrerit elit at arcu facilisis egestas. Maecenas tempus, libero eu interdum cursus, est turpis tristique sapien, ut porta mi magna vel velit. Duis in nulla at mauris sodales condimentum in id dui. Sed faucibus tellus id metus consequat tincidunt. Sed fringilla adipiscing nisi, ut scelerisque enim gravida eget.</p>', 'data', 1, '', ''),
('NSU360 | 2257_Compliance ', 'NSU360 | Description :: 2257_Compliance ', 'NSU360,keywords,2257_Compliance ', 186, '2257_compliance', '<p>JEN&nbsp;2257 Compliance. Lorem ipsum dolor sit amet, consectetur adipiscing elit. Praesent at erat et metus dapibus tincidunt at sit amet tortor. Donec hendrerit elit at arcu facilisis egestas. Maecenas tempus, libero eu interdum cursus, est turpis tristique sapien, ut porta mi magna vel velit. Duis in nulla at mauris sodales condimentum in id dui. Sed faucibus tellus id metus consequat tincidunt. Sed fringilla adipiscing nisi, ut scelerisque enim gravida eget. Curabitur quis ligula magna. Nunc risus lacus, fringilla eget dictum vitae, viverra in odio. Integer viverra lectus id odio malesuada porttitor. Praesent eu cursus lorem. Duis facilisis elit pellentesque erat ornare id rhoncus diam venenatis. Cras mattis augue ac dui sodales sodales.</p>\n<p>&lt;iframe width="480" height="360" src="http://www.youtube.com/embed/_0KrI4-F9kQ" frameborder="0" allowfullscreen&gt;&lt;/iframe&gt;</p>\n<p>Video above</p>\n<p>&nbsp;</p>\n<div id="_mcePaste" class="mcePaste"  absolute; left: -40px; top: -25px; width: 1px; height: 1px; overflow: hidden;">??</div>', '', 1, '', ''),
('0', '0', '0', 208, 'footer_mainstream_article_recent_post', '<p>JEN Footer Mainstream Article Recent Post. Lorem ipsum dolor sit amet, consectetur adipiscing elit. Praesent at erat et metus dapibus tincidunt at sit amet tortor. Donec hendrerit elit at arcu facilisis egestas. Maecenas tempus, libero eu interdum cursus, est turpis tristique sapien, ut porta mi magna vel velit. Duis in nulla at mauris sodales condimentum in id dui. Sed faucibus tellus id metus consequat tincidunt. Sed fringilla adipiscing nisi, ut scelerisque enim gravida eget. Curabitur quis ligula magna. Nunc risus lacus, fringilla eget dictum vitae, viverra in odio. Integer viverra lectus id odio malesuada porttitor.</p>', 'data', 1, '', ''),
('NSU360 | Mainstream_comment ', 'NSU360 | Description :: Mainstream_comment ', 'NSU360,keywords,Mainstream_comment ', 160, 'mainstream_comment', '0', 'meta', 0, '', ''),
('0', '0', '0', 209, 'footer_mainstream_article_recent_comments', '<p>JEN Footer Mainstream Article Recent Comments. Lorem ipsum dolor sit amet, consectetur adipiscing elit. Praesent at erat et metus dapibus tincidunt at sit amet tortor. Donec hendrerit elit at arcu facilisis egestas. Maecenas tempus, libero eu interdum cursus, est turpis tristique sapien, ut porta mi magna vel velit. Duis in nulla at mauris sodales condimentum in id dui. Sed faucibus tellus id metus consequat tincidunt. Sed fringilla adipiscing nisi, ut scelerisque enim gravida eget. Curabitur quis ligula magna.</p>', 'data', 1, '', ''),
('NSU360 | Footer Student', 'NSU360 | Description :: A student signup', 'NSU360, student, student sign up, footer', 161, 'footer_student', '<p>A student can sign up from this page. Currently NSU360 is being used by North South University. Therefore, if you are a NSU student, then you can sign-up all by&nbsp; yourself. A <em>verification code </em>and link will be sent to you email address once you successfully comple and submit the sign up form.</p>\r\n<p>Please follow the instructions in the email for further processing. Once you account is activated, you may add courses, view notices etc. However, you need approval from instructors of each added courses.</p>\r\n<p>Good luck!</p>', '', 1, '', ''),
('NSU360 | Student signup', 'NSU360 | Description :: Student_signup ', 'NSU360, student, student sign up, footer', 162, 'student_signup', '<p>Please fill each field correctly with your student data. A <em>verification code </em>and link will be sent to you email address once you successfully comple and submit the sign up form.</p>\r\n<div id="mcePasteBin" hidden="">\r\n<div>\r\n<p>A student can sign up from this page. Currently NSU360 is being used by North South University. Therefore, if you are a NSU student, then you can sign-up all by&nbsp; yourself. A <em>verification code </em>and link will be sent to you email address once you successfully comple and submit the sign up form.</p>\r\n<p>Please follow the instructions in the email for further processing. Once you account is activated, you may add courses, view notices etc. However, you need approval from instructors of each added courses.</p>\r\n<p>Good luck!</p>\r\n</div>\r\n</div>', '', 1, '', ''),
('NSU360 | Voyeur_search_filter ', 'NSU360 | Description :: Voyeur_search_filter ', 'NSU360,keywords,Voyeur_search_filter ', 163, 'voyeur_search_filter', '0', 'meta', 0, '', ''),
('NSU360 | Model_promotional_tool ', 'NSU360 | Description :: Model_promotional_tool ', 'NSU360,keywords,Model_promotional_tool ', 193, 'model_promotional_tool', '0', 'meta', 0, '', ''),
('NSU360 | Model_signupconfirmation ', 'NSU360 | Description :: Model_signupconfirmation ', 'NSU360,keywords,Model_signupconfirmation ', 164, 'model_signupconfirmation', '<p>&nbsp;JEN&nbsp;JEN&nbsp;JEN&nbsp;JEN&nbsp;JEN Model_signupconfirmation. Lorem ipsum dolor sit amet, consectetur adipiscing elit. Praesent at erat et metus dapibus tincidunt at sit amet tortor. Donec hendrerit elit at arcu facilisis egestas. Maecenas tempus, libero eu interdum cursus, est turpis tristique sapien, ut porta mi magna vel velit. Duis in nulla at mauris sodales condimentum in id dui. Sed faucibus tellus id metus consequat tincidunt. Sed fringilla adipiscing nisi, ut scelerisque enim gravida eget.</p>\n<div id="_mcePaste" class="mcePaste"  absolute; left: 0px; top: -25px; width: 1px; height: 1px; overflow: hidden;"></div>', '', 1, '', ''),
('NSU360 | Footer_teacher ', 'NSU360 | Description :: Footer_teacher ', 'NSU360,keywords,Footer_teacher ', 165, 'footer_teacher', '<p>JENNNNN Footer_teacher. Lorem ipsum dolor sit amet, consectetur adipiscing elit. Praesent at erat et metus dapibus tincidunt at sit amet tortor. Donec hendrerit elit at arcu facilisis egestas. Maecenas tempus, libero eu interdum cursus, est turpis tristique sapien, ut porta mi magna vel velit. Duis in nulla at mauris sodales condimentum in id dui. Sed faucibus tellus id metus consequat tincidunt. Sed fringilla adipiscing nisi, ut scelerisque enim gravida eget. Curabitur quis ligula magna.</p>\r\n<div id="_mcePaste" class="mcePaste">??</div>', '', 1, '', ''),
('NSU360 | Studio_signup ', 'NSU360 | Description :: Studio_signup ', 'NSU360,keywords,Studio_signup ', 166, 'studio_signup', '<p>&nbsp;JEN&nbsp;JEN&nbsp;JEN&nbsp;JEN&nbsp;JEN&nbsp;JEN Studio_signup. Lorem ipsum dolor sit amet, consectetur adipiscing elit. Praesent at erat et metus dapibus tincidunt at sit amet tortor. Donec hendrerit elit at arcu facilisis egestas. Maecenas tempus, libero eu interdum cursus, est turpis tristique sapien, ut porta mi magna vel velit. Duis in nulla at mauris sodales condimentum in id dui. Sed faucibus tellus id metus consequat tincidunt. Sed fringilla adipiscing nisi, ut scelerisque enim gravida eget. Curabitur quis ligula magna.</p>\n<div id="_mcePaste" class="mcePaste"  absolute; left: 0px; top: -25px; width: 1px; height: 1px; overflow: hidden;"></div>', '', 1, '', ''),
('NSU360 | Studio_signupconfirmation ', 'NSU360 | Description :: Studio_signupconfirmation ', 'NSU360,keywords,Studio_signupconfirmation ', 167, 'studio_signupconfirmation', '<p>&nbsp;JEN&nbsp;JEN&nbsp;JEN&nbsp;JEN&nbsp;JEN&nbsp;JEN&nbsp;JEN Studio_signupconfirmation. Lorem ipsum dolor sit amet, consectetur adipiscing elit. Praesent at erat et metus dapibus tincidunt at sit amet tortor. Donec hendrerit elit at arcu facilisis egestas. Maecenas tempus, libero eu interdum cursus, est turpis tristique sapien, ut porta mi magna vel velit. Duis in nulla at mauris sodales condimentum in id dui. Sed faucibus tellus id metus consequat tincidunt. Sed fringilla adipiscing nisi, ut scelerisque enim gravida eget.</p>\n<div id="_mcePaste" class="mcePaste"  absolute; left: 0px; top: -25px; width: 1px; height: 1px; overflow: hidden;"></div>', '', 1, '', ''),
('NSU360 | Terms ', 'NSU360 | Description :: Terms ', 'NSU360,keywords,Terms ', 168, 'terms', '<p>&nbsp;JEN&nbsp;JEN&nbsp;JEN&nbsp;JEN&nbsp;JEN&nbsp;JEN&nbsp;JEN&nbsp;JEN Terms. Lorem ipsum dolor sit amet, consectetur adipiscing elit. Praesent at erat et metus dapibus tincidunt at sit amet tortor. Donec hendrerit elit at arcu facilisis egestas. Maecenas tempus, libero eu interdum cursus, est turpis tristique sapien, ut porta mi magna vel velit. Duis in nulla at mauris sodales condimentum in id dui. Sed faucibus tellus id metus consequat tincidunt. Sed fringilla adipiscing nisi, ut scelerisque enim gravida eget. Curabitur quis ligula magna.</p>\n<div id="_mcePaste" class="mcePaste"  absolute; left: 0px; top: -25px; width: 1px; height: 1px; overflow: hidden;"></div>', '', 1, '', ''),
('NSU360 | Technical_support ', 'NSU360 | Description :: Technical_support ', 'NSU360,keywords,Technical_support ', 179, 'technical_support', '<p>&nbsp;JEN&nbsp;JEN&nbsp;JEN&nbsp;JEN&nbsp;JEN&nbsp;JEN Technical_support. Lorem ipsum dolor sit amet, consectetur adipiscing elit. Praesent at erat et metus dapibus tincidunt at sit amet tortor. Donec hendrerit elit at arcu facilisis egestas. Maecenas tempus, libero eu interdum cursus, est turpis tristique sapien, ut porta mi magna vel velit. Duis in nulla at mauris sodales condimentum in id dui. Sed faucibus tellus id metus consequat tincidunt. Sed fringilla adipiscing nisi, ut scelerisque enim gravida eget. Curabitur quis ligula magna. Nunc risus lacus, fringilla eget dictum vitae, viverra in odio. Integer viverra lectus id odio malesuada porttitor. Praesent eu cursus lorem. Duis facilisis elit pellentesque erat ornare id rhoncus diam venenatis. Cras mattis augue ac dui sodales sodales.</p>\n<div id="_mcePaste" class="mcePaste"  absolute; left: 0px; top: -25px; width: 1px; height: 1px; overflow: hidden;"></div>', '', 1, '', ''),
('NSU360 | Free_parentalcontrol ', 'NSU360 | Description :: Free_parentalcontrol ', 'NSU360,keywords,Free_parentalcontrol ', 169, 'free_parentalcontrol', '<p>JEN Free_parentalcontrol. Lorem ipsum dolor sit amet, consectetur adipiscing elit. Praesent at erat et metus dapibus tincidunt at sit amet tortor. Donec hendrerit elit at arcu facilisis egestas. Maecenas tempus, libero eu interdum cursus, est turpis tristique sapien, ut porta mi magna vel velit. Duis in nulla at mauris sodales condimentum in id dui. Sed faucibus tellus id metus consequat tincidunt. Sed fringilla adipiscing nisi, ut scelerisque enim gravida eget. Curabitur quis ligula magna.</p>', '', 1, '', ''),
('NSU360 | Home_list_view ', 'NSU360 | Description :: Home_list_view ', 'NSU360,keywords,Home_list_view ', 187, 'home_list_view', '0', 'meta', 0, '', ''),
('0', '0', '0', 170, 'free_parentalcontrol_data', '<p>JENNNNN Free_parentalcontrol_data. Lorem ipsum dolor sit amet, consectetur adipiscing elit. Praesent at erat et metus dapibus tincidunt at sit amet tortor. Donec hendrerit elit at arcu facilisis egestas. Maecenas tempus, libero eu interdum cursus, est turpis tristique sapien, ut porta mi magna vel velit. Duis in nulla at mauris sodales condimentum in id dui. Sed faucibus tellus id metus consequat tincidunt. Sed fringilla adipiscing nisi, ut scelerisque enim gravida eget.</p>', 'data', 1, '', ''),
('0', '0', '0', 188, 'model_signupcontent', '<p>&nbsp;JEN&nbsp;JEN&nbsp;JEN&nbsp;JEN&nbsp;JEN&nbsp;JEN Model Sign Up. Lorem ipsum dolor sit amet, consectetur adipiscing elit. Praesent at erat et metus dapibus tincidunt at sit amet tortor. Donec hendrerit elit at arcu facilisis egestas. Maecenas tempus, libero eu interdum cursus, est turpis tristique sapien, ut porta mi magna vel velit. Duis in nulla at mauris sodales condimentum in id dui. Sed faucibus tellus id metus consequat tincidunt. Sed fringilla adipiscing nisi, ut scelerisque enim gravida eget.</p>\n<div id="_mcePaste" class="mcePaste">??</div>', 'data', 1, '', ''),
('NSU360 | Model_my_profile ', 'NSU360 | Description :: Model_my_profile ', 'NSU360,keywords,Model_my_profile ', 171, 'model_my_profile', '0', 'meta', 0, '', ''),
('0', '0', '0', 184, 'billing_support_confirmation', '<p><strong><u>JEN</u></strong> Billing_support_confirmation. Lorem ipsum dolor sit amet, consectetur adipiscing elit. Praesent at erat et metus dapibus tincidunt at sit amet tortor. Donec hendrerit elit at arcu facilisis egestas. Maecenas tempus, libero eu interdum cursus, est turpis tristique sapien, ut porta mi magna vel velit. Duis in nulla at mauris sodales condimentum in id dui. Sed faucibus tellus id metus <font color="#ff00ff">consequat</font> tincidunt. Sed fringilla adipiscing nisi, ut scelerisque enim gravida eget. Curabitur quis ligula magna.</p>', 'data', 1, '', ''),
('NSU360 | Model_my_profile_edit ', 'NSU360 | Description :: Model_my_profile_edit ', 'NSU360,keywords,Model_my_profile_edit ', 172, 'model_my_profile_edit', '0', 'meta', 0, '', ''),
('NSU360 | Billing_support ', 'NSU360 | Description :: Billing_support ', 'NSU360,keywords,Billing_support ', 183, 'billing_support', '<p><strong><u>JEN</u></strong> Billing_support. Lorem ipsum dolor sit amet, consectetur adipiscing elit. Praesent at erat et metus dapibus tincidunt at sit amet tortor. Donec hendrerit elit at arcu facilisis egestas. Maecenas tempus, libero eu interdum cursus, est turpis tristique sapien, ut porta mi magna vel velit. Duis in nulla at mauris sodales condimentum in id dui. Sed faucibus tellus id metus consequat <font color="#ff00ff">tincidunt</font>. Sed fringilla adipiscing nisi, ut scelerisque enim gravida eget. Curabitur quis ligula magna.</p>\n<div id="_mcePaste" class="mcePaste">??</div>', '', 1, '', ''),
('0', '0', '0', 173, 'model_my_profile_edit_confirmation', '<p>Model_my_profile_edit_confirmation. Lorem ipsum dolor sit amet, consectetur adipiscing elit. Praesent at erat et metus dapibus tincidunt at sit amet tortor. Donec hendrerit elit at arcu facilisis egestas. Maecenas tempus, libero eu interdum cursus, est turpis tristique sapien, ut porta mi magna vel velit. Duis in nulla at mauris sodales condimentum in id dui. Sed faucibus tellus id metus consequat tincidunt. Sed fringilla adipiscing nisi, ut scelerisque enim gravida eget.</p>\n<div id="_mcePaste" class="mcePaste">??&nbsp;JEN&nbsp;JEN&nbsp;JEN&nbsp;JEN&nbsp;JEN&nbsp;JEN&nbsp;JEN&nbsp;JEN&nbsp;JEN&nbsp;JEN</div>', 'data', 1, '', ''),
('NSU360 | Model_dashboard ', 'NSU360 | Description :: Model_dashboard ', 'NSU360,keywords,Model_dashboard ', 174, 'model_dashboard', '0', 'meta', 0, '', ''),
('NSU360 | Privacy ', 'NSU360 | Description :: Privacy ', 'NSU360,keywords,Privacy ', 185, 'privacy', '<p>&nbsp;JEN&nbsp;JEN&nbsp;JEN&nbsp;JEN&nbsp;JEN&nbsp;JEN&nbsp;JEN&nbsp;JEN Privacy. Lorem ipsum dolor sit amet, consectetur adipiscing elit. Praesent at erat et metus dapibus tincidunt at sit amet tortor. Donec hendrerit elit at arcu facilisis egestas. Maecenas tempus, libero eu interdum cursus, est turpis tristique sapien, ut porta mi magna vel velit. Duis in nulla at mauris sodales condimentum in id dui. Sed faucibus tellus id metus consequat tincidunt. Sed fringilla adipiscing nisi, ut scelerisque enim gravida eget. Curabitur quis ligula magna.</p>\n<div id="_mcePaste" class="mcePaste"  absolute; left: 0px; top: -25px; width: 1px; height: 1px; overflow: hidden;"></div>', '', 1, '', ''),
('NSU360 | Model_phone_chat ', 'NSU360 | Description :: Model_phone_chat ', 'NSU360,keywords,Model_phone_chat ', 175, 'model_phone_chat', '0', 'meta', 0, '', ''),
('0', '0', '0', 182, 'feedback_support_confirmation', '<p>JENN Feedback_support_confirmation. Lorem ipsum dolor sit amet, consectetur adipiscing elit. Praesent at erat et metus dapibus tincidunt at sit amet tortor. Donec hendrerit elit at arcu facilisis egestas. Maecenas tempus, libero eu interdum cursus, est turpis tristique sapien, ut porta mi magna vel velit. Duis in nulla at mauris sodales condimentum in id dui. Sed faucibus tellus id metus consequat tincidunt. Sed fringilla adipiscing nisi, ut scelerisque enim gravida eget. Curabitur quis ligula magna.</p>', 'data', 1, '', ''),
('NSU360 | Model_free_chat ', 'NSU360 | Description :: Model_free_chat ', 'NSU360,keywords,Model_free_chat ', 176, 'model_free_chat', '0', 'meta', 0, '', ''),
('0', '0', '0', 189, 'studio_signupcontent', '<p>&nbsp;JEN&nbsp;JEN&nbsp;JEN&nbsp;JEN&nbsp;JEN&nbsp;JEN&nbsp;JEN&nbsp;JEN Studio Sign Up. Lorem ipsum dolor sit amet, consectetur adipiscing elit. Praesent at erat et metus dapibus tincidunt at sit amet tortor. Donec hendrerit elit at arcu facilisis egestas. Maecenas tempus, libero eu interdum cursus, est turpis tristique sapien, ut porta mi magna vel velit. Duis in nulla at mauris sodales condimentum in id dui. Sed faucibus tellus id metus consequat tincidunt. Sed fringilla adipiscing nisi, ut scelerisque enim gravida eget.</p>\n<div id="_mcePaste" class="mcePaste">??</div>', 'data', 1, '', ''),
('NSU360 | Model_private_chat ', 'NSU360 | Description :: Model_private_chat ', 'NSU360,keywords,Model_private_chat ', 177, 'model_private_chat', '0', 'meta', 0, '', ''),
('NSU360 | Feedback_support ', 'NSU360 | Description :: Feedback_support ', 'NSU360,keywords,Feedback_support ', 181, 'feedback_support', '<p>JENN Feedback_support. Lorem ipsum dolor sit amet, consectetur adipiscing elit. Praesent at erat et metus dapibus tincidunt at sit amet tortor. Donec hendrerit elit at arcu facilisis egestas. Maecenas tempus, libero eu interdum cursus, est turpis tristique sapien, ut porta mi magna vel velit. Duis in nulla at mauris sodales condimentum in id dui. Sed faucibus tellus id metus consequat tincidunt. Sed fringilla adipiscing nisi, ut scelerisque enim gravida eget. Curabitur quis ligula magna.</p>\n<div id="_mcePaste" class="mcePaste">??</div>', '', 1, '', ''),
('NSU360 | Model_private_group_chat ', 'NSU360 | Description :: Model_private_group_chat ', 'NSU360,keywords,Model_private_group_chat ', 178, 'model_private_group_chat', '0', 'meta', 0, '', ''),
('0', '0', '0', 180, 'technical_support_confirmation', '<p>&nbsp;JEN&nbsp;JEN&nbsp;JEN&nbsp;JEN&nbsp;JEN&nbsp;JEN&nbsp;JEN Technical_support_confirmation. Lorem ipsum dolor sit amet, consectetur adipiscing elit. Praesent at erat et metus dapibus tincidunt at sit amet tortor. Donec hendrerit elit at arcu facilisis egestas. Maecenas tempus, libero eu interdum cursus, est turpis tristique sapien, ut porta mi magna vel velit. Duis in nulla at mauris sodales condimentum in id dui. Sed faucibus tellus id metus consequat tincidunt. Sed fringilla adipiscing nisi, ut scelerisque enim gravida eget. Curabitur quis ligula magna. Nunc risus lacus, fringilla eget dictum vitae, viverra in odio. Integer viverra lectus id odio malesuada porttitor. Praesent eu cursus lorem. Duis facilisis elit pellentesque erat ornare id rhoncus diam venenatis. Cras mattis augue ac dui sodales sodales.</p>\n<div id="_mcePaste" class="mcePaste"  absolute; left: 0px; top: -25px; width: 1px; height: 1px; overflow: hidden;"></div>', 'data', 1, '', ''),
('NSU360 | how_it_work ', 'NSU360 | Description :: how_it_work ', 'NSU360,keywords,how_it_work ', 211, 'how_it_work', '<p>JENMMMMMM <span  pre;"> </span>Content ::how_it_work. Lorem ipsum dolor sit amet, consectetur adipiscing elit. Praesent at erat et metus dapibus tincidunt at sit amet tortor. Donec hendrerit elit at arcu facilisis egestas. Maecenas tempus, libero eu interdum cursus, est turpis tristique sapien, ut porta mi magna vel velit. Duis in nulla at mauris sodales condimentum in id dui. Sed faucibus tellus id metus consequat tincidunt. Sed fringilla adipiscing nisi, ut scelerisque enim gravida eget. Curabitur quis ligula magna. Nunc risus lacus, fringilla eget dictum vitae, viverra in odio. Integer viverra lectus id odio malesuada porttitor. Praesent eu cursus lorem. Duis facilisis elit pellentesque erat ornare id rhoncus diam venenatis. Cras mattis augue ac dui sodales sodales.</p>', '', 1, '', ''),
('NSU360 | Chat ', 'NSU360 | Description :: Chat ', 'NSU360,keywords,Chat ', 198, 'chat', '0', 'meta', 0, '', ''),
('NSU360 | Search_content_store ', 'NSU360 | Description :: Search_content_store ', 'NSU360,keywords,Search_content_store ', 194, 'search_content_store', '0', 'meta', 0, '', ''),
('0', '0', '0', 197, 'add_favorites_confirmation', '<p><strong><u>JEN</u></strong> Add Favorites Confirmation. Lorem ipsum dolor sit amet, consectetur adipiscing elit. Praesent at erat et metus dapibus tincidunt at sit amet <font color="#ff0000">tortor</font>. Donec hendrerit elit at arcu facilisis egestas. Maecenas tempus, libero eu interdum cursus, est turpis tristique sapien, ut porta mi magna vel velit. Duis in nulla at mauris sodales condimentum in id dui. Sed faucibus tellus id metus consequat tincidunt. Sed fringilla adipiscing nisi, ut scelerisque enim gravida eget.</p>', 'data', 1, '', ''),
('0', '0', '0', 200, 'add_credit_checkout', '<p><strong><u>JEN</u></strong> Add Credits (checkout). <font color="#ff00ff">Lorem</font> ipsum dolor sit amet, consectetur adipiscing elit. Praesent at erat et metus dapibus tincidunt at sit amet tortor. Donec hendrerit elit at arcu facilisis egestas. Maecenas tempus, libero eu interdum cursus, est turpis tristique sapien, ut porta mi magna vel velit. Duis in nulla at mauris sodales condimentum in id dui. Sed faucibus tellus id metus consequat tincidunt. Sed fringilla adipiscing nisi, ut scelerisque enim gravida eget. Curabitur quis ligula magna.</p>', 'data', 1, '', ''),
('0', '0', '0', 201, 'checkout_confirmation', '<p>JENNNN Checkout Confirmation. Lorem ipsum dolor sit amet, consectetur adipiscing elit. Praesent at erat et metus dapibus tincidunt at sit amet tortor. Donec hendrerit elit at arcu facilisis egestas. Maecenas tempus, libero eu interdum cursus, est turpis tristique sapien, ut porta mi magna vel velit. Duis in nulla at mauris sodales condimentum in id dui. Sed faucibus tellus id metus consequat tincidunt. Sed fringilla adipiscing nisi, ut scelerisque enim gravida eget.</p>', 'data', 1, '', ''),
('0', '0', '0', 202, 'tip_model_confirmation', '<p>&nbsp;JEN&nbsp;JEN&nbsp;JEN&nbsp;JEN&nbsp;JEN&nbsp;JEN Tip Model Confirmation. Lorem ipsum dolor sit amet, consectetur adipiscing elit. Praesent at erat et metus dapibus tincidunt at sit amet tortor. Donec hendrerit elit at arcu facilisis egestas. Maecenas tempus, libero eu interdum cursus, est turpis tristique sapien, ut porta mi magna vel velit. Duis in nulla at mauris sodales condimentum in id dui. Sed faucibus tellus id metus consequat tincidunt. Sed fringilla adipiscing nisi, ut scelerisque enim gravida eget.</p>\n<div id="_mcePaste" class="mcePaste"  absolute; left: 0px; top: -25px; width: 1px; height: 1px; overflow: hidden;"></div>', 'data', 1, '', ''),
('0', '0', '0', 203, 'rating_confirmation', '<p>&nbsp;JEN&nbsp;JEN&nbsp;JEN&nbsp;JEN&nbsp;JEN&nbsp;JEN&nbsp;JEN Rating Confirmation. Lorem ipsum dolor sit amet, consectetur adipiscing elit. Praesent at erat et metus dapibus tincidunt at sit amet tortor. Donec hendrerit elit at arcu facilisis egestas. Maecenas tempus, libero eu interdum cursus, est turpis tristique sapien, ut porta mi magna vel velit. Duis in nulla at mauris sodales condimentum in id dui. Sed faucibus tellus id metus consequat tincidunt. Sed fringilla adipiscing nisi, ut scelerisque enim gravida eget. Curabitur quis ligula magna.</p>\n<div id="_mcePaste" class="mcePaste"  absolute; left: 0px; top: -25px; width: 1px; height: 1px; overflow: hidden;"></div>', 'data', 1, '', ''),
('NSU360 | become_a_model', 'NSU360 | Description :: become_a_model', 'NSU360,keywords,become_a_model', 212, 'become_a_model', '<p>Content ::become_a_model. Lorem ipsum dolor sit amet, consectetur adipiscing elit. Praesent at erat et metus dapibus tincidunt at sit amet tortor. Donec hendrerit elit at arcu facilisis egestas. Maecenas tempus, libero eu interdum cursus, est turpis tristique sapien, ut porta mi magna vel velit. Duis in nulla at mauris sodales condimentum in id dui. Sed faucibus tellus id metus consequat tincidunt. Sed fringilla adipiscing nisi, ut scelerisque enim gravida eget. Curabitur quis ligula magna. Nunc risus lacus, fringilla eget dictum vitae, viverra in odio. Integer viverra lectus id odio malesuada porttitor. Praesent eu cursus lorem. Duis facilisis elit pellentesque erat ornare id rhoncus diam venenatis. Cras mattis augue ac dui sodales sodales.</p>', '', 1, '', ''),
('NSU360 | studio_signupconfirmcontent', 'NSU360 | Description :: studio_signupconfirmcontent', 'NSU360,keywords,studio_signupconfirmcontent', 213, 'studio_signupconfirmcontent', '<p>Content ::studio_signupconfirmcontent. Lorem ipsum dolor sit amet, consectetur adipiscing elit. Praesent at erat et metus dapibus tincidunt at sit amet tortor. Donec hendrerit elit at arcu facilisis egestas. Maecenas tempus, libero eu interdum cursus, est turpis tristique sapien, ut porta mi magna vel velit. Duis in nulla at mauris sodales condimentum in id dui. Sed faucibus tellus id metus consequat tincidunt. Sed fringilla adipiscing nisi, ut scelerisque enim gravida eget. Curabitur quis ligula magna. Nunc risus lacus, fringilla eget dictum vitae, viverra in odio. Integer viverra lectus id odio malesuada porttitor. Praesent eu cursus lorem. Duis facilisis elit pellentesque erat ornare id rhoncus diam venenatis. Cras mattis augue ac dui sodales sodales.</p>', 'data', 1, '', ''),
('NSU360 | model_message_sent', 'NSU360 | Description :: model_message_sent', 'NSU360,keywords,model_message_sent', 214, 'model_message_sent', '<p>Content ::model_message_sent. Lorem ipsum dolor sit amet, consectetur adipiscing elit. Praesent at erat et metus dapibus tincidunt at sit amet tortor. Donec hendrerit elit at arcu facilisis egestas. Maecenas tempus, libero eu interdum cursus, est turpis tristique sapien, ut porta mi magna vel velit. Duis in nulla at mauris sodales condimentum in id dui. Sed faucibus tellus id metus consequat tincidunt. Sed fringilla adipiscing nisi, ut scelerisque enim gravida eget. Curabitur quis ligula magna. Nunc risus lacus, fringilla eget dictum vitae, viverra in odio. Integer viverra lectus id odio malesuada porttitor. Praesent eu cursus lorem. Duis facilisis elit pellentesque erat ornare id rhoncus diam venenatis. Cras mattis augue ac dui sodales sodales.</p>', 'meta', 0, '', ''),
('NSU360 | model_message_saved', 'NSU360 | Description :: model_message_saved', 'NSU360,keywords,model_message_saved', 215, 'model_message_saved', '<p>Content ::model_message_saved. Lorem ipsum dolor sit amet, consectetur adipiscing elit. Praesent at erat et metus dapibus tincidunt at sit amet tortor. Donec hendrerit elit at arcu facilisis egestas. Maecenas tempus, libero eu interdum cursus, est turpis tristique sapien, ut porta mi magna vel velit. Duis in nulla at mauris sodales condimentum in id dui. Sed faucibus tellus id metus consequat tincidunt. Sed fringilla adipiscing nisi, ut scelerisque enim gravida eget. Curabitur quis ligula magna. Nunc risus lacus, fringilla eget dictum vitae, viverra in odio. Integer viverra lectus id odio malesuada porttitor. Praesent eu cursus lorem. Duis facilisis elit pellentesque erat ornare id rhoncus diam venenatis. Cras mattis augue ac dui sodales sodales.</p>', 'meta', 0, '', ''),
('', 'NSU360 | member_add_to_contactlist lorem ipsum lorem ipsum lorem ipsum lorem ipsum lorem ipsumlorem ipsum lorem ipsum lorem ipsum lorem ipsum lorem ipsum lorem ipsum', 'NSU360,keywords,Friend list, contact list', 217, 'member_add_to_contactlist', '', '', 1, '', ''),
('NSU360 | member_add_friend_confirmation', 'NSU360 | Description :: member_add_friend_confirmation', 'NSU360,keywords,member_add_friend_confirmation', 218, 'member_add_friend_confirmation', '<p>Content ::member_add_friend_confirmation. Lorem ipsum dolor sit amet, consectetur adipiscing elit. Praesent at erat et metus dapibus tincidunt at sit amet tortor. Donec hendrerit elit at arcu facilisis egestas. Maecenas tempus, libero eu interdum cursus, est turpis tristique sapien, ut porta mi magna vel velit. Duis in nulla at mauris sodales condimentum in id dui. Sed faucibus tellus id metus consequat tincidunt. Sed fringilla adipiscing nisi, ut scelerisque enim gravida eget. Curabitur quis ligula magna. Nunc risus lacus, fringilla eget dictum vitae, viverra in odio. Integer viverra lectus id odio malesuada porttitor. Praesent eu cursus lorem. Duis facilisis elit pellentesque erat ornare id rhoncus diam venenatis. Cras mattis augue ac dui sodales sodales.</p>', 'data', 1, '', ''),
('NSU360 | member_block_sender_confirmation', 'NSU360 | Description :: member_block_sender_confirmation', 'NSU360,keywords,member_block_sender_confirmation', 219, 'member_block_sender_confirmation', '<p>Content ::member_block_sender_confirmation. Lorem ipsum dolor sit amet, consectetur adipiscing elit. Praesent at erat et metus dapibus tincidunt at sit amet tortor. Donec hendrerit elit at arcu facilisis egestas. Maecenas tempus, libero eu interdum cursus, est turpis tristique sapien, ut porta mi magna vel velit. Duis in nulla at mauris sodales condimentum in id dui. Sed faucibus tellus id metus consequat tincidunt. Sed fringilla adipiscing nisi, ut scelerisque enim gravida eget. Curabitur quis ligula magna. Nunc risus lacus, fringilla eget dictum vitae, viverra in odio. Integer viverra lectus id odio malesuada porttitor. Praesent eu cursus lorem. Duis facilisis elit pellentesque erat ornare id rhoncus diam venenatis. Cras mattis augue ac dui sodales sodales.</p>', 'data', 1, '', ''),
('NSU360 | footer_model', 'NSU360 | Description :: footer_model', 'NSU360,keywords,footer_model', 220, 'footer_model', '<p>Content ::footer_model. Lorem ipsum dolor sit amet, consectetur adipiscing elit. Praesent at erat et metus dapibus tincidunt at sit amet tortor. Donec hendrerit elit at arcu facilisis egestas. Maecenas tempus, libero eu interdum cursus, est turpis tristique sapien, ut porta mi magna vel velit. Duis in nulla at mauris sodales condimentum in id dui. Sed faucibus tellus id metus consequat tincidunt. Sed fringilla adipiscing nisi, ut scelerisque enim gravida eget. Curabitur quis ligula magna. Nunc risus lacus, fringilla eget dictum vitae, viverra in odio. Integer viverra lectus id odio malesuada porttitor. Praesent eu cursus lorem. Duis facilisis elit pellentesque erat ornare id rhoncus diam venenatis. Cras mattis augue ac dui sodales sodales.</p>', '', 1, '', ''),
('NSU360 | footer_teacher', 'NSU360 | Description :: footer_teacher', 'NSU360,keywords,footer_teacher', 221, 'footer_teacher', '<p>Content ::footer_teacher. Lorem ipsum dolor sit amet, consectetur adipiscing elit. Praesent at erat et metus dapibus tincidunt at sit amet tortor. Donec hendrerit elit at arcu facilisis egestas. Maecenas tempus, libero eu interdum cursus, est turpis tristique sapien, ut porta mi magna vel velit. Duis in nulla at mauris sodales condimentum in id dui. Sed faucibus tellus id metus consequat tincidunt. Sed fringilla adipiscing nisi, ut scelerisque enim gravida eget. Curabitur quis ligula magna. Nunc risus lacus, fringilla eget dictum vitae, viverra in odio. Integer viverra lectus id odio malesuada porttitor. Praesent eu cursus lorem. Duis facilisis elit pellentesque erat ornare id rhoncus diam venenatis. Cras mattis augue ac dui sodales sodales.</p>', '', 1, '', ''),
('NSU360 | teacher_signupcontent', 'NSU360 | Description :: teacher_signupcontent', 'NSU360,keywords,teacher_signupcontent', 222, 'teacher_signupcontent', '<p>Content ::teacher_signupcontent. Lorem ipsum dolor sit amet, consectetur adipiscing elit. Praesent at erat et metus dapibus tincidunt at sit amet tortor. Donec hendrerit elit at arcu facilisis egestas. Maecenas tempus, libero eu interdum cursus, est turpis tristique sapien, ut porta mi magna vel velit. Duis in nulla at mauris sodales condimentum in id dui. Sed faucibus tellus id metus consequat tincidunt. Sed fringilla adipiscing nisi, ut scelerisque enim gravida eget. Curabitur quis ligula magna. Nunc risus lacus, fringilla eget dictum vitae, viverra in odio. Integer viverra lectus id odio malesuada porttitor. Praesent eu cursus lorem. Duis facilisis elit pellentesque erat ornare id rhoncus diam venenatis. Cras mattis augue ac dui sodales sodales.</p>', 'data', 1, '', '');
INSERT INTO `content` (`title`, `description`, `keywords`, `content_id`, `name`, `data`, `type`, `tiny_enabled`, `page_name`, `video`) VALUES
('NSU360 | studio_myclasses', 'NSU360 | Description :: studio_myclasses', 'NSU360,keywords,studio_myclasses', 224, 'studio_myclasses', '<p>Content ::studio_myclasses. Lorem ipsum dolor sit amet, consectetur adipiscing elit. Praesent at erat et metus dapibus tincidunt at sit amet tortor. Donec hendrerit elit at arcu facilisis egestas. Maecenas tempus, libero eu interdum cursus, est turpis tristique sapien, ut porta mi magna vel velit. Duis in nulla at mauris sodales condimentum in id dui. Sed faucibus tellus id metus consequat tincidunt. Sed fringilla adipiscing nisi, ut scelerisque enim gravida eget. Curabitur quis ligula magna. Nunc risus lacus, fringilla eget dictum vitae, viverra in odio. Integer viverra lectus id odio malesuada porttitor. Praesent eu cursus lorem. Duis facilisis elit pellentesque erat ornare id rhoncus diam venenatis. Cras mattis augue ac dui sodales sodales.</p>', '', 1, '', ''),
('0', '0', '0', 226, 'student_signupconfirmcontent', '<p>Great! Your have submitted student sign-up form successfully. Now, follow these steps:</p>\r\n<ul  circle;">\r\n<li>Check your email, the one you filled during sign-up. A confirmation email has been sent with activation code.</li>\r\n<li>If you do not find the email in inbox, check other places (e.g junk mail box etc.)</li>\r\n<li>Copy the activation code from you email and submit on activation page given in the link.</li>\r\n<li>Once your account is activated, you are ready to start use NSU360!</li>\r\n</ul>\r\n<p>Happy Journey!</p>\r\n<div id="mcePasteBin" hidden="">\r\n<div>X</div>\r\n</div>', 'data', 1, 'student_signupconfirmcontent', ''),
('NSU360 | studio_myaccount_edit', 'NSU360 | Description :: studio_myaccount_edit', 'NSU360,keywords,studio_myaccount_edit', 230, 'studio_myaccount_edit', '<p>Content ::studio_myaccount_edit. Lorem ipsum dolor sit amet, consectetur adipiscing elit. Praesent at erat et metus dapibus tincidunt at sit amet tortor. Donec hendrerit elit at arcu facilisis egestas. Maecenas tempus, libero eu interdum cursus, est turpis tristique sapien, ut porta mi magna vel velit. Duis in nulla at mauris sodales condimentum in id dui. Sed faucibus tellus id metus consequat tincidunt. Sed fringilla adipiscing nisi, ut scelerisque enim gravida eget. Curabitur quis ligula magna. Nunc risus lacus, fringilla eget dictum vitae, viverra in odio. Integer viverra lectus id odio malesuada porttitor. Praesent eu cursus lorem. Duis facilisis elit pellentesque erat ornare id rhoncus diam venenatis. Cras mattis augue ac dui sodales sodales.</p>', 'meta', 0, '', ''),
('NSU360 | student_signupconfirmation', 'NSU360 | Description :: student_signupconfirmation', 'NSU360,keywords,student_signupconfirmation', 229, 'student_signupconfirmation', '<p>Content ::student_signupconfirmation. Lorem ipsum dolor sit amet, consectetur adipiscing elit. Praesent at erat et metus dapibus tincidunt at sit amet tortor. Donec hendrerit elit at arcu facilisis egestas. Maecenas tempus, libero eu interdum cursus, est turpis tristique sapien, ut porta mi magna vel velit. Duis in nulla at mauris sodales condimentum in id dui. Sed faucibus tellus id metus consequat tincidunt. Sed fringilla adipiscing nisi, ut scelerisque enim gravida eget. Curabitur quis ligula magna. Nunc risus lacus, fringilla eget dictum vitae, viverra in odio. Integer viverra lectus id odio malesuada porttitor. Praesent eu cursus lorem. Duis facilisis elit pellentesque erat ornare id rhoncus diam venenatis. Cras mattis augue ac dui sodales sodales.</p>', '', 1, '', ''),
('NSU360 | teacher_signup', 'NSU360 | Description :: teacher_signup', 'NSU360,keywords,teacher_signup', 227, 'teacher_signup', '<p>Content ::teacher_signup. Lorem ipsum dolor sit amet, consectetur adipiscing elit. Praesent at erat et metus dapibus tincidunt at sit amet tortor. Donec hendrerit elit at arcu facilisis egestas. Maecenas tempus, libero eu interdum cursus, est turpis tristique sapien, ut porta mi magna vel velit. Duis in nulla at mauris sodales condimentum in id dui. Sed faucibus tellus id metus consequat tincidunt. Sed fringilla adipiscing nisi, ut scelerisque enim gravida eget. Curabitur quis ligula magna. Nunc risus lacus, fringilla eget dictum vitae, viverra in odio. Integer viverra lectus id odio malesuada porttitor. Praesent eu cursus lorem. Duis facilisis elit pellentesque erat ornare id rhoncus diam venenatis. Cras mattis augue ac dui sodales sodales.</p>', '', 1, '', ''),
('i Want cam::teacher_signupconfirmation', 'i Want cam:: Description :: teacher_signupconfirmation', 'i Want cam,keywords,teacher_signupconfirmation', 232, 'teacher_signupconfirmation', '<p>Content ::teacher_signupconfirmation. Lorem ipsum dolor sit amet, consectetur adipiscing elit. Praesent at erat et metus dapibus tincidunt at sit amet tortor. Donec hendrerit elit at arcu facilisis egestas. Maecenas tempus, libero eu interdum cursus, est turpis tristique sapien, ut porta mi magna vel velit. Duis in nulla at mauris sodales condimentum in id dui. Sed faucibus tellus id metus consequat tincidunt. Sed fringilla adipiscing nisi, ut scelerisque enim gravida eget. Curabitur quis ligula magna. Nunc risus lacus, fringilla eget dictum vitae, viverra in odio. Integer viverra lectus id odio malesuada porttitor. Praesent eu cursus lorem. Duis facilisis elit pellentesque erat ornare id rhoncus diam venenatis. Cras mattis augue ac dui sodales sodales.</p>', '', 1, '', ''),
('i Want cam::teacher_signupconfirmcontent', 'i Want cam:: Description :: teacher_signupconfirmcontent', 'i Want cam,keywords,teacher_signupconfirmcontent', 233, 'teacher_signupconfirmcontent', '<p>Content ::teacher_signupconfirmcontent. Lorem ipsum dolor sit amet, consectetur adipiscing elit. Praesent at erat et metus dapibus tincidunt at sit amet tortor. Donec hendrerit elit at arcu facilisis egestas. Maecenas tempus, libero eu interdum cursus, est turpis tristique sapien, ut porta mi magna vel velit. Duis in nulla at mauris sodales condimentum in id dui. Sed faucibus tellus id metus consequat tincidunt. Sed fringilla adipiscing nisi, ut scelerisque enim gravida eget. Curabitur quis ligula magna. Nunc risus lacus, fringilla eget dictum vitae, viverra in odio. Integer viverra lectus id odio malesuada porttitor. Praesent eu cursus lorem. Duis facilisis elit pellentesque erat ornare id rhoncus diam venenatis. Cras mattis augue ac dui sodales sodales.</p>', 'data', 1, '', '');

-- --------------------------------------------------------

--
-- Table structure for table `courses`
--

CREATE TABLE IF NOT EXISTS `courses` (
  `course_id` int(11) NOT NULL AUTO_INCREMENT,
  `initial` varchar(50) NOT NULL,
  `title` varchar(255) NOT NULL,
  `description` text NOT NULL,
  `department_id` int(11) NOT NULL,
  `credit_no` tinyint(4) NOT NULL,
  `semester_id` int(11) NOT NULL,
  `is_active` tinyint(1) NOT NULL DEFAULT '1',
  PRIMARY KEY (`course_id`)
) ENGINE=InnoDB  DEFAULT CHARSET=latin1 AUTO_INCREMENT=295 ;

--
-- Dumping data for table `courses`
--

INSERT INTO `courses` (`course_id`, `initial`, `title`, `description`, `department_id`, `credit_no`, `semester_id`, `is_active`) VALUES
(1, 'CSC311L', 'Database Management System Laboratory Lab', '<p>This Course aims to cover Oracle SQL commands, Database Projects</p>', 1, 1, 1, 1),
(2, 'CSC135L', 'Object Oriented Programming Laboratory Lab', '<p>Java Lab</p>', 1, 1, 1, 1),
(4, 'ECO103', 'Introduction to Economics', '<p>Economics; market and the environment; demand; supply; price and elasticity; theory of competition and competitive system; economic concepts to explain the logic of resource flows between the rural and urban economy and their implications for environment; national income accounts; macroeconomics and macroeconomic stabilization policy; economic indicators of development; development economics and sustainable development.</p>', 3, 3, 0, 1),
(5, 'CSC311', 'Database Management Systems', '<p>Examines the logical organization of databases: the entity-relationship model; the hierarchical, network, and relational data models and their languages.&nbsp; Functional dependencies and normal forms.&nbsp; Design, implementation, and optimization of query languages; security and integrity; concurrency control, and distributed database systems.</p>', 1, 3, 0, 1),
(6, 'ECO134', 'Applied Mathematics I', '<p>Economic and business models; static or equilibrium analysis; a brief review of linear models and matrix algebra; comparative statistics and concept of derivatives; rules of differentiation and their use in comparative statistics; comparative static analysis; difference equations; linear programming;</p>', 3, 3, 0, 1),
(8, 'CSE135', 'Fundamentals of Computer Programming', '<p>This is a more traditional programming course for computer science majors and other students with deep interest in the subject. Actual programs are constructed using one or more high level languages with emphasis placed on the concepts introduced in the previous course. Reusability, readability, and documentation are also strongly stressed.</p>', 1, 3, 0, 1),
(9, 'CSE326', 'Compiler Construction', '<p>Compiler structure; Lexical analysis, syntax analysis grammars, description of programming languages, automatically constructed recognizers and error recovery; and semantic analysis, semantic languages, semantic processes, intermediate language, optimization techniques, and extendible compilers.</p>', 1, 3, 0, 1),
(10, 'EEE154', 'Engineering Drawing', '<p>Covers the basics of engineering drawing utilizing mechanical and civil drawing, computer-aided drafting, and solid modeling. <strong>&nbsp;</strong>Introduction- lettering, numbering and heading; instrument and their use; First and third angle projections, Missing lines and views; sectional views and isometric views and conventional practices of solid geometrical figures, Auxiliary views. Plan, elevation and section of multistoried building; building services drawings; detailed drawing of lattice towers</p>', 1, 1, 0, 1),
(11, 'EEE241', 'Electrical Circuits II', '<p>AC quantities, periodic waveforms, phasors, AC circuit analysis with RC, RL &amp; RLC in series and parallel, power &amp; power factors. network topology, formulation of loop, node and state equations, polyphase systems, coupled circuits.</p>', 1, 3, 0, 1),
(12, 'PHR111', 'Communication & Computer Application in Pharmaceutical Sciences', '<p>Provides a general understanding of computer applications and functions of the components of a computer system. Topics include components of computer systems; concepts of software; introduction to operating systems; history of computer languages; programming fundamentals; basics such as constant, variables, data type, operators and expressions, pointer; concepts of database; internet technology and World Wide Web. This course undertaken in a lab setting also provides functional orientation to word processing, spreadsheet, presentation, database and WebPages design. Students also learn some basic skills in searching and evaluating online resources. Advance use of statistical tools (SPSS, Sigma plot). </p>', 4, 3, 0, 1),
(13, 'PHR113', 'Pharmacognosy', '<p>This is an introduction to the origin of medicines and pharmaceuticals, searching of a novel molecule as a tool for discovery of new drugs or molecular modification of existing drugs from plants, implication of plants and animals? secondary metabolites as pharmaceuticals and medicines and their purification techniques. Introduction and history; Origin of drug discovery; Scope and limitation of pharmacognosy in modern or western medicine systems; Crude drugs: Introduction; Classification; Preparation for the commercial market; Evaluation of drugs; Drug adulteration. Pharmaceutical uses of lipids and its derivatives; Carbohydrates and its derivatives; and vitamin containing animal drugs. Medicinal plants of Bangladesh: Introduction, economic aspects, applications and limitations. Important classes of secondary metabolites and their role in the development of modern medicines and pharmaceuticals. Photochemistry, therapeutic and pharmaceutical uses of plants containing alkaloids, glycosides types of drugs, volatile oils, tannins and resins. </p>', 4, 3, 0, 1),
(14, 'PHR114', 'Organic Pharmacy-I', '<p>The objective of the course is to introduce the physical and chemical behavior of organic molecules, types of reactions, important reactions used to synthesize drugs and pharmaceuticals in the laboratory and their purification. Principles of various types of reactions; Alkane, alkene and alkynes; Aldehyde and ketone; Alcohols, ethers and epoxides; Carboxylic acids; Amines. </p>', 4, 3, 0, 1),
(15, 'CSE323', 'Operating Systems Design', '<p>Operating Systems Design: An introduction to the structure of modern operating systems. Topics include operating systems structure, asynchronism, mutual exclusion, deadlocks, monitors, process state transition, interrupts, context switching, storage management for both real and virtual storage, processor scheduling, multi-processing, auxiliary storage management, computer systems performance, network and security.</p>', 1, 3, 0, 1),
(16, 'EEE254', ' Electrical Services Design', '<p>Concept of refrigeration and its application; Different refrigeration methods; Analysis of vapour compression refrigeration, absorption refrigeration and air-cycle refrigeration systems; Refrigerants; Refrigeration equipment; compressors, condensers, evaporators, expansion devices, other control and safety devices; Multi-evaporator, multi-compressor systems; Low temperature refrigeration. Concept of air conditioning and its uses; Cooling load calculation; Psychrometric analysis; Air conditioning systems; Air distribution systems; Duet design methods; Air conditioning equipment; Application criteria; Control systems. Fire Hazards; Fire fighting equipment; Vertical transportation, its system design; Escalators and moving ramps.</p>', 1, 3, 0, 1),
(17, 'ECO249', 'Socio-Economic Profiles of Bangladesh', '<p>It surveys the socio-economic features and studies of the macro-economic performance of the economy of Bangladesh within the context of socio-political reality; sectoral development and analysis of the sectors in a general equilibrium framework; agriculture, industry, foreign trade and foreign aid in Bangladesh; financial institutions and monetary management as well as fiscal policy in Bangladesh; technology, human resource development and the long term performance of Bangladesh.</p>', 3, 3, 0, 1),
(18, 'ECO314', 'Public Finance', '<p>Study of the expenditure and financing activities of the government. Topics include fiscal functions; public sector in the economic accounts; normative theory of government (the level and allocation of government expenditures; taxation; optimum structure of&nbsp; major taxes; fiscal policy and stabilization; development finance); positive theory of government (direct democracy; representative democracy; bureaucracy; voter behavior; rent seeking); government and markets; efficiency aspects of public enterprises; interest-free public finance.</p>', 3, 3, 0, 1),
(19, 'EEE313', 'Semiconductor Devices and Technology', '<p>This course is concerned with semiconductor physics or in brief how semiconductor devices work. Physical aspects of semiconductors will be presented, fol&shy;lowed by: diodes, bipolar junction transistors, and MOSFETs. Topics to be covered in the course include: Basic quantum mechanics necessary to describe how electrons behave in atoms, free space, and solid, band theory of solid: concept of conduction/valence band, concepts of electrons, holes, doping, carrier concentration, scattering, and mobility, behavior of electrons inside semiconductor when a field or concentration gradient has been present, basic operation of p-n junction (diode), operation of light emitters and detectors, bipolar junction devices, MOSFET</p>', 1, 3, 0, 1),
(20, 'EEE332', 'Microprocessors and Interfacing', '<p>Design of a simple processor, review of advanced processors, control logic design: random logic and microprogramming; machine-level programming, instruction sets, data representations; subroutines; input/output hardware and software; pipelining; relation to high-level languages. This course also includes study of microprocessor architectures, hardware modules, and interfaces; programming, software tools, development systems, and applications; and microprocessor system design methodology. This course has mandatory laboratory sessions every week.</p>', 1, 3, 0, 1),
(21, 'EEE333', 'Artificial Intelligence', '<p>An introductory description of the major subjects and directions of research in artificial intelligence; topics include all languages (LISP and PROLOG), basic problem solving techniques, knowledge representation and computer inference, machine learning, natural language understanding, computer vision, robotics, and societal impacts.</p>', 1, 3, 0, 1),
(22, 'EEE342', 'Control Engineering', '<p>Feedback control, transfer function modeling, time domain specifications, location of poles and stability, steady state performance, frequency response- Bode, Nyquist, and Nichols plots, gain and phase margin, resonant frequency, root locus, feedback compensation, introduction to digital control.&nbsp; This course has mandatory laboratory sessions every week.</p>', 1, 3, 0, 1),
(23, 'EEE383', 'Electrical and Electronics Circuit Lab II', '<p>Study of class A power amplifier, Study of class B, class C power amplifier, Study of voltage series feedback amplifier circuit, Study of current series feedback amplifier circuit, Application of OP-AMP I &ndash; Inverting, Non inverting, Summing, Application of OP-AMP II &ndash; Integrator, Differentiator, Design and study of a -4 dB/decade low pass Butterworth filter, Study of Astable multivibrator, Study of RC oscillator, Study of Wien Bridge oscillator, Schmitt trigger and voltage controlled oscillator, Active filter design(Low pass, High pass, Band pass).</p>', 1, 2, 0, 1),
(24, 'CSE327', 'Software Engineering', '<p>Follows the software life cycle from the requirement, specification, and design phases through the construction of actual software.&nbsp; Topics include management of programming teams, programming methodologies, debugging aids, documentation, evaluation and measurement of software, verification and testing techniques, and the problems of maintenance, modification, and portability.</p>', 1, 3, 0, 1),
(25, 'CSC382', 'Internet and Web Technology', '<p>The course develops an in-depth knowledge of the concepts, principles and implementation techniques related to the Internet and web technology. Details about the Internet, Intranet, Extranet, and e-commerce will be covered. Topics include Web server management, threats, security of client and server, network security like firewall, SSL, etc., authentication and authorization, legislation, privacy and IP act, electronic payment, e-business, search engine, Internet protocols like TCP/IP, SGML, XML. Design and development of Web applications using Java Applets, ASP, Java Script, CGI and other Web tools is discussed.</p>', 1, 3, 0, 1),
(26, 'CSE418', 'Computer Graphics', '<p>Topics include software, hardware, and mechanical tools for the representation, manipulation, and display of topological and two- and three-dimensional objects; applications of these tools to specific problems.</p>', 1, 3, 0, 1),
(27, 'CSE231', 'Digital Logic ', '<p>Introduction to Boolean algebra and logic gates, simplification of Boolean functions, combinational and sequential logic, digital functions: decoders, encoders, multiplexers, demultiplexers; registers, counters, memory organizations.</p>', 1, 3, 0, 1),
(28, 'CSE225', 'Data Structures & Algorithms', '<p>An introduction to the theory and practice of data structuring techniques. Topics include internal data representation, abstract data types, stacks, queues, list structures, recursive data structures, graphs and networks. Concept of object orientation as a data abstraction technique will be introduced.</p>', 1, 3, 0, 1),
(29, 'EEE413', 'Verilog HDL: Modeling, Simulation and Synthesis', '<p>This course is designed to cover a global understanding of Verilog HDL- based design.&nbsp; Topics treated include: Event-Driven Simulation, hardware modeling and simulation in Verilog, data types and logic system in Verilog, Structural and behavioral modeling, user-defined tasks and functions in Verilog and interactive debugging in Verilog using software tools.</p>', 1, 3, 0, 1),
(30, 'CSE173', 'Discrete Mathematics', '<p>Introduction to discrete mathematical structures.&nbsp; Topics include sets, propositions, Boolean algebra, relations, functions, algebraic systems, monoids, fields, groups, ring, induction, recursion, permutations and combinations, recurrence relation, generating functions and solutions, principles of counting, principles of inclusion and exclusion, discrete probability.</p>', 1, 3, 0, 1),
(31, 'CSE115', 'Computing Concepts', '<p>The first course for computer science majors and other students with a deep interest in the subject.&nbsp; The course introduces such fundamental concepts in computing as data abstraction, algorithms, dynamic data structures, and complexity theory. Implementation is done in a formalized pseudo code only. An introduction to ethics in computer science including philosophical ethics theories.</p>', 1, 3, 0, 1),
(32, 'CSE115L', 'Computing Concepts Lab', '<p>The first course for computer science majors and other students with a deep interest in the subject.&nbsp; The course introduces such fundamental concepts in computing as data abstraction, algorithms, dynamic data structures, and complexity theory. Implementation is done in a formalized pseudo code only. An introduction to ethics in computer science including philosophical ethics theories.</p>\r\n<div id="mcePasteBin" style="position: absolute; top: 0px; left: 0; background: red; width: 1px; height: 1px; overflow: hidden" contenteditable="false">\r\n<div contenteditable="true">The first course for computer science majors and other students with a deep interest in the subject.&nbsp; The course introduces such fundamental concepts in computing as data abstraction, algorithms, dynamic data structures, and complexity theory. Implementation is done in a formalized pseudo code only. An introduction to ethics in computer science including philosophical ethics theories.</div>\r\n</div>', 1, 1, 0, 1),
(33, 'PHR120', 'Inorganic Pharmacy', '<p>An introduction to the inorganic chemicals used in the pharmaceuticals and studying their basic laws and behaviors. Structure of the atom and molecules. The chemistry of co-ordination compounds. Study of medicinal inorganic compounds, such as, Antioxidants; Gastrointestinal agents; Dental preparations; Topical agents, etc.&nbsp;</p>', 4, 3, 0, 1),
(34, 'PHR120L', ' Inorganic Pharmacy-Lab', '<p>Qualitative analysis of Inorganic compounds., Manufacturing of Inorganic Drugs, such as aluminium hydroxide, ferrous ferrous sulfate.&nbsp;</p>', 4, 1, 0, 1),
(35, 'PHR121', 'Human Physiology-I', '<p>This course is an introduction to the functions of cells and biological membranes. Transport of molecules through biological membrane. Different types of tissues and organs constituting the human body; role of blood and blood cells, role of cardiovascular system for transport of nutrients and elimination of wastes from the cells; maintaining blood pressure; role of gastrointestinal tract for absorption and metabolism of foods for producing cellular energy; role of kidney on elimination of processes. Cell; Blood; Circulatory system; Alimentary system.&nbsp;</p>', 4, 3, 0, 1),
(36, 'PHR122', 'Organic Pharmacy -II', '<p>Chemistry of aromatic compounds such as benzene,different aromatic acids,amerius;aldelyde and ketones etc, types of reactions such as nucleophilic and electrophilic reactions,synthesis of different important aromatic drugs and pharmaceuticals;stereochemistry.&nbsp;</p>', 4, 3, 0, 1),
(37, 'PHR123 ', 'Physical Pharmacy-I', '<p>The course is designed to make familiar the physical properties of molecules in different states, the kinetic behavior of drugs, equilibrium nature of molecules in liquid, solid and gaseous phases, ionization character of drugs in solution and determination of stability or self-life of drugs by considering physical factors. States of matter: Gaseous state, liquid state, solid state, polymorphism. Changes in the state of matter: Latent heat, vapor pressure, boiling point, meting point and freezing point, sublimation, eutectic mixtures, aerosols. Solutions: Ideal and real solutions, Henry?s law, Nernst?s distribution law, solubility. Colligative properties of dilute solutions. Ionic equilibria: pH of solutions, acids and bases. Buffers and buffering agents: Buffer action, buffer equation, buffer capacity, biological and pharmaceutical buffers, buffered isotonic solutions. Chemical kinetics and drug stability: Rate and molecularity of reactions, Integrated rate equations; stability testing; accelerated stability studies, prediction of self-life, limitations of accelerated stability studies.&nbsp;</p>', 4, 3, 0, 1),
(38, 'PHR124', 'Pharmaceutical Microbiology-I', '<p>It deals with the basic knowledge of different groups of microorganisms and also a detailed study of morphology, nutrition, growth, cultivation and preservation of bacteria. Microscopy: Bright field, dark field, fluorescence, phase contrast, electron microscopy. Properties of selected bacterial species. Study of yeast, molds and viruses. Principle of microbial pathogenesis and epidemiology. Mircrobiological spoilage and preservation of pharmaceutical products. Contamination of non sterile pharmaceuticals and preservation of pharmaceutical products.Chemical disinfectants, antiseptics and preservatives. Contamination of non-sterile pharmaceuticals in hospital and community environment.&nbsp;</p>', 4, 3, 0, 1),
(39, 'PHR124L ', 'Pharmaceutical Microbiology-Lab-I', '<p>Study of compound microscope. Preparation of pure bacterial cultures. Preparation of pure culture and its identification. Bacterial counts. Study of Gram-staining. Culture sensitivity test by disk-diffusion method. Minimum inhibitory concentration of antibiotic&nbsp;</p>', 4, 1, 0, 1),
(40, 'PHR210', 'Physical Pharmacy-II', '<p><strong>&nbsp;</strong>Course Detail:</p>\r\n<p>The objective of the course is to introduce students? to dynamic of drugs or molecules and behavior of molecules in dispersed systems. The dissolving characteristic of drugs or small molecules, drug delivery systems, and surface-active properties of molecules and electrical behavior of molecules will be known. Chemical thermodynamics: Introduction, scope and limitations; Thermodynamic terms and basic concepts; First law of thermodynamics; Colloidal dispersions: Interaction and stability of colloids, pharmaceutical applications of colloids. Types of colloidal dispersions, preparations, properties and purification of colloids: Diffusion and dissolution: Fick?s law of diffusion, steady state diffusion, diffusion study, diffusion principles in biological systems. Dissolution: Drug release, drug release from modern drug delivery systems Phase Rule; Surface and interfacial phenomena: Surface and interfacial tension, adsorption at liquid surfaces, classification of surfactants, HLB system, critical micelle concentration, application of surface active agents Electrochemistry: Introduction and concepts of particle size determination, Different means of expressing particle size, Methods of particle size determination. Pre-formulation studies; Physical and chemical incompatibilities.&nbsp;</p>', 4, 3, 0, 1),
(41, 'PHR210L', 'Physical Pharmacy-Lab', '<p>Preparation of solutions of different pH. Preparation of buffer. Standardization of acids &amp; bases. Determination of the velocity constant of acid catalyzed hydrolysis of methy1 acetate at a known temperature. Determination of adsorption isotherm of oxalic (or acetic) acid from aqueous solution by charcoal and calculation of the constant in Freundlich?s equation. Determination of energy of flow of a liquid through a capillary by measuring viscosity as a function of temperature. Determination of the equilibrium constant of the reaction KI +I2 = KI3 at a known temperature. Determination of the velocity constant of the hydrolysis of ethyl acetate in the basic medium. Determination of viscosity of pure liquids such as glycerin, alcohol and nitrobenzene using Ostwald viscometer. Study of variation of viscosity of a liquid with temperature using Ostwald or Engler?s viscometer. Determination of solubility of a sparingly soluble salt in water by conductance measurement. Determination of velocity constant for the hydrolysis of an ester in the basic medium by conductance measurements.&nbsp;</p>', 4, 1, 0, 1),
(42, 'PHR211', 'Human Physiology-II', '<p>This course deals with the functions of neuron for generation and transmission of different kind of impulses or responses to the human brain, regulation of different types of cellular activities; organs and enzymes involved on bio-transformation of foods and other foreign particles; role of endocrine glands for the generation of hormones which are playing role for growth and maintenance of the human body. Function of lung for air transport. Nervous system; Excretory system; Respiratory system.</p>', 4, 3, 0, 1),
(43, 'PHR211L', 'Human Physiology Lab', '<p>Same as the course</p>', 4, 1, 0, 1),
(44, 'PHR212 ', 'Pharmaceutical Technology-I', '<p>In this course the students will start learning of basic principles and technological matters related to dosage form manufacturing. The course begins with the pharmaceutical excipients used in manufacturing of dosage forms. Physico-chemical properties of drug molecules. Factors affecting solubility and the manufacture and quality control of liquid dosage forms. Theoretical aspects of disperse systems and the formulation and manufacture of emulsion and suspension, their stability considerations and quality control systems. Formulation, manufacture and quality control of semisolid dosage forms such as ointments, creams and gels.&nbsp;</p>', 4, 3, 0, 1),
(45, 'PHR212L', 'Pharmaceutical Technology Lab-I', '<p>Physical checking of emulsions suspensions, syrups, ointments, suppositories? etc. Formulation of emulsions, suspensions, syrups, ointments, suppositories etc. Preparations, problems encountered during preparation, physical evaluation of the different dosage forms: i) Tablets including coated tablets, ii) Capsules, iii) Suppositories, iv) Pharmaceutical Aerosols.&nbsp;</p>', 4, 1, 0, 1),
(46, 'PHR213', ' Biochemistry & Cell Biology', '<p>N/A</p>', 4, 3, 0, 1),
(47, 'PHR214', ' Pharmacology & Clinical Pharmacy-I', '<p>Introduction to pharmacology, history, scope, limitation and pharmacological terminology. Routes of drug administration and its fate. Autocoids: Histamin, Bradykinens and their antagonists. Lipid derived autocoids, analgesics, antipyretic and anti-inflammatory agents. Drug used in the treatment of asthma. The vitamins: water soluble and fat soluble vitamins.&nbsp;</p>', 4, 3, 0, 1),
(48, 'PHR215', 'Medicinal Chemistry-I', '<p>This course examines discovery and synthesis of drugs from nature and in the laboratory, how a small organic molecule interact with cellular components of the human and other animals, how chemical nature of the small molecules influence or exhibit biological activities, structural modifications leads potential activity or minimize toxicity of the parent molecules and design and development of new drugs. Stereochemistry; Molecular modifications of H-1 and H-2 blockers; Molecular modifications of diuretics; Molecular modifications of analgesic, antipyretics and anti-inflammatory drugs; Molecular modifications of anti-aging drugs.&nbsp;</p>', 4, 3, 0, 1),
(49, 'PHR215L ', 'Medicinal Chemisty Lab-I', '<p>Synthesis of organic compounds of medicinal importance, exercises on stereo-chemistry &amp; drug receptor interactions, studies of drug design, extraction of metabolic enzymes from liver and their effects.&nbsp;</p>', 4, 1, 0, 1),
(50, 'PHR220', 'Human Physiology-III', '<p>The course id designed for to make the student familiar with the physiological role of Reproductive systems of both sexes; its function for reproduction; maintenance of sex characteristics; role of sex hormones; factors influencing male &amp; female reproductively and maintenance of fertility; pregnancy &amp; lactation; Enzymes involved in primary metabolism of carbohydrate, fat and protein &amp; glands involved secretion of enzymes for metabolism in the body; route of absorption of primary metabolized in the body; factors influencing absorption and metabolism etc; role of endocrine systems for biosynthesis and release of hormones; vital physiological roles of hormones for normal functions and factors influencing hormone production; pathology of hormonal abnormality.&nbsp;</p>', 4, 3, 0, 1),
(51, 'PHR221', ' Pharmaceutical Technology-II', '<p>This course includes the study of solid dosage forms. The properties of powders and granules. The formulation, manufacture and quality control of tablets. Tableting problems and its remedy. The physics of tablet compression. The capsule dosage forms. The study of gelatin and gelatin shell. Capsule manufacturing machines, formulations and quality control. Tablet coating technology, sugar coating, film coating and modified release coating, coating formulations, coating polymers, coating machines and coating problems.&nbsp;</p>', 4, 3, 0, 1),
(52, 'PHR221L', 'Pharmaceutical Technology Lab-II', '<p>Physical checking of emulsions suspensions, syrups, ointments, suppositories? etc. Formulation of emulsions, suspensions, syrups, ointments, suppositories etc. Preparations, problems encountered during preparation, physical evaluation of the different dosage forms: i) Tablets including coated tablets, ii) Capsules, iii) uppositories, iv) Pharmaceutical Aerosols&nbsp;</p>', 4, 1, 0, 1),
(53, 'PHR222', 'Medicinal Chemisty-II', '<p>This course examines how drugs act on cells at pathological state or diseased state, how drugs are developed by structural modifications, influence of structure on pharmacological activities of different types of diseases. Basic concepts on mechanism of action of drugs; Molecular modifications of antidepressant drugs; Molecular modifications of hypnotics, sedatives and tranquilizers; Molecular modifications of cardiovascular drugs; Molecular modifications of oral contraceptives and sex steroids.&nbsp;</p>', 4, 3, 0, 1),
(54, 'PHR223', 'Pharmaceutical Microbiology-II', '<p>The course is designed to equip the students about the applied areas of microbiology in industrial pharmacy, its role in production and quality control of pharmaceutical products of industrial importance. The course also includes the detailed study of sterilization process and its applications in pharmacy. Principle and practice of sterilization. Sterilization by dry heat and moist heat; Sterilization by gas, radiation sterilization and sterilization by membrane filter. Sterilization control and sterility assurance. Fundamentals of immunology. Manufacture and quality control of immunological products.</p>', 4, 3, 0, 1),
(55, 'PHR223L ', 'Pharmaceutical Microbiology Lab-II', '<p>Study of compound microscope. Preparation of pure bacterial cultures. Preparation of pure culture and its identification. Bacterial counts. Study of Gram-staining. Culture sensitivity test by disk-diffusion method. Minimum inhibitory concentration of antibiotic&nbsp;</p>', 4, 1, 0, 1),
(56, 'PHR224', 'Pharmaceutical Analysis-I', '<p>Introduce with different chemical and physical techniques used for the identification and estimation or standardization of drugs by using different chemical methods of analysis in the pharmaceutical industry. The art and science of pharmaceutical analysis; Introduction; Techniques; Aqueous acid-base titrations; Oxidation-reduction titrations; Complexometric titrations; Non-aqueous titrations; Aquametry; Polarimetry.&nbsp;</p>', 4, 3, 0, 1),
(57, 'PHR224L', ' Pharmaceutical Analysis-Lab-I', '<p>Assay of acetyl salicylic acid in aspirin tablets, non-aqueous assay of phenobarbitone tablets, assay of antazoline hydrochloride in antihistamine tablets, non-aqueous titration of PAS tablets, determination of potency of penicillin tablets, determination of potency of vitamin tablets, determination of calcium gluconate tablets and injections by EDTA titration, determination of saponification value, iodine value and acid value of fixed oils, assay of sulfa-drugs by nitrate titration, microbiological assay of vitamins and antibiotics.&nbsp;</p>', 4, 1, 0, 1),
(58, 'PHR225 ', 'Basic Pathology & Toxicology', '<p>This course is designed to give pharmacy students and idea of different patho-physiologic conditions of disease occurrence and progression and the causes of disease manifestations. Diseases: Manifestation and patho-physiology. Cellular injury and death. Adaptations in cellular growth and differentiation, intracellular accumulations and cell ageing. Acute and chronic inflammation. Tissue repair: cellular growth, fibrosis and wound healing. Homodynamic disorders, thrombosis and shock. Genetic disorders. Principle of toxicology: Spectrum of undesired effects, toxicity test in animals, incidence of acute poisoning and its managements. Heavy metal toxicology and antagonists. Non-heavy metal environmental toxicants. Laboratory data and other biochemical parameters of human body.&nbsp;</p>', 4, 3, 0, 1),
(59, 'PHR310', 'Pharmaceutical Technology-III', '<p>Drug delivery to the lungs, its mechanism. Theory of compressed delivery system, aerosol. Aerosol manufacturing and quality control systems. Metered dose inhalers (MDI) and dry powder inhalers (DPI). Concepts of Controlled drug delivery systems and its applications. Manufacture of different oral sustained release systems. Evaluation techniques of sustained release drug delivery systems. Rectal drug delivery system, such as suppository. Its formulation, manufacturing and quality control systems. Pharmaceutical packaging science.&nbsp;</p>', 4, 3, 0, 1),
(60, 'ENV102', 'Environmental Biology', '<p>The basic unit of all living organisms in terms of cellular organization and the diversity that arises from their fundamental similarity; the interactions between the living organisms and the a biotic components of the environment; the structure and function of living organisms in their natural environment; the adaptation of plants and animals and their survival in their ambient environment through their physiological and behavioral changes; the evolutionary mechanisms and genetics; classification; taxonomy and nomenclature biological diversity; human impacts; degradation; restruction &amp; conservation. 3 credits</p>', 10, 3, 0, 1),
(61, 'ENV107', 'Introduction to Environmental Science:', '<p>Man and environment; major components of the environment; basic population dynamics; bio-geo-chemical cycles; biosphere: ecological concepts and ecosystems; flow of matter and energy through an ecosystem; biodiversity; lithosphere: agriculture and environment; urbanization; solid and hazardous waste management; atmosphere: chemistry of air; urban air pollution; acid rain; global warming; ozone layer depletion; hydrosphere: water chemistry; water pollution and treatment; wetland and coastal management; renewable and non-renewable energy; environmental health and toxicology. 3 credits</p>', 10, 3, 0, 1),
(62, 'ENV109', ' Introduction to Bangladesh Geography:', '<p>Basic geographic concepts and fundamental themes. Geophysical and socio economic characteristics of Bangladesh; introduction to physical geography; landforms; weather and climate; population geography; cultural and political context; natural resources; economic geography and urban - regional concepts; spatial interaction between human and natural environment. 3 credits</p>', 10, 3, 0, 1),
(63, 'ENV172', 'Introduction to Statistics: ', '<p>Statistics and its application; variables and attributes; classification and tabulation of data; populations and samples; frequency distributions; graphical presentation of data;&nbsp; statistical averages; measures of dispersion; linear regression and correlation; basic probability; random experiments; index numbers time series and components of&nbsp; time series; moving averages and seasonal indices. 3 credits</p>', 10, 3, 0, 1),
(64, 'ENV204', 'Soil Science:', '<p>Environment and evaluation; geology; geomorphology; and pedology; factors and process of soil formation; world soils of high; mid; cool; warm and low latitudes; chemical composition of soil; primary and secondary minerals; soil as medium of plant growth; essential elements required in plant nutrition; soil-plant-water relationships; soil and fertilizer management; organisms composing soil population; general ecology; biofertilizers and organic farming; physical aspects of soil science; soil erosion; land degradation and management; problem soils in Bangladesh and their management;&nbsp; (Field trip: depending on the instructor). 3 credits</p>', 10, 3, 0, 1),
(65, 'ENV205', 'Climate Change ', '<p>Earth as a system including major components; meteorology; science of climate change; regional climate pattern and extreme climatic event; sectors to be affected due to climate change ecosystem and biodiversity; agriculture; water resources;&nbsp; sea level rise; health; present climate change trend and future prediction: climate modeling; general circulation model; global effort to climate change: IPCC; UNFCCC; Kyoto Protocol; climate change and Bangladesh: historical trend; future projection; most vulnerable sectors; adaptation to climate change in different sectors in Bangladesh. 3 credits</p>', 10, 3, 0, 1),
(66, 'ENV208', 'Environmental Hazards and Disaster Management', '<p>Definition of hazard; risk and disaster; sources and types of disaster; global trend in disaster occurrence; disaster management approaches; risk assessment and quantification: risk perception and communication; risk indices; adjustment to hazard; climate change and its impact on some selected disasters; social, economic and political aspects of disaster management; community based disaster management; disaster management approaches in Bangladesh. 3 credits</p>', 10, 3, 0, 1),
(67, 'ENV209', 'Environmental Chemistry', '<p>&nbsp;</p>\r\n<p><strong>&nbsp;</strong>Chemical compositions and reactions in the atmosphere; hydro-sphere; and lithosphere; impact and biochemical effects of toxic chemicals on the environment; sampling and monitoring of pollutants in air; water and land; instrumental techniques in environmental chemical analysis;&nbsp;<strong>(</strong>Field trip: depending on the instructor). Pre-requisite: CHE 101. 3 credits</p>', 10, 3, 0, 1),
(68, 'ENV214', 'Environmental Management', '<p><span style="font-size: 11px;">A problem-solution approach to natural resource management with particular focus on management of land; forests; parks; biodiversity; air; soil and water; solid and hazardous waste management; management of renewable and non-renewable resources; management issues arising out of legal; economic and social aspects of environmental factors; role of individuals; institutions; state and the global community in addressing these issues; eco-centric and human approaches to environmental management; environmental management systems: theory and practice. 3 credits</span></p>', 10, 3, 0, 1),
(69, 'ENV215', 'Ecology', '<p>Ecological concepts; their applications in the assessment; conservation; and management of ecological systems including vegetation; wildlife; fisheries; pest and whole ecosystems; description of major attributes and processes at the individual and community levels; characteristics of major ecosystems (terrestrial; freshwater and marine); basic techniques of research design; survey and sampling; critical analysis of ecological reports using selected case studies; (Field trip: depending on the instructor). 4 credits</p>', 10, 4, 0, 1),
(71, 'ENV303', 'Environmental Hydrology', '<p><span style="font-size: 11px;">Global water budget; hydrologic cycle and its components; rainfall and run-off analysis; basic surface and groundwater hydraulics;&nbsp; freshwater environment of river and wetland;&nbsp; water pollution;&nbsp; hydrologic&nbsp; models and environmental&nbsp; management. 3 credits</span></p>', 10, 3, 0, 1),
(72, 'ARC111', 'Foundation Design Studio I- Artistic Development', '<p class="Default">Two-dimensional exercises in various media. Basic composition with different elements of forms, points, lines and shapes. Study of order, balance, proportion, solid-void relationship, symmetry, flexibility, rhythm and harmony through composition; relevance to art and architecture, music, etc.Exposure to color media, composition and techniques. Exercise in color and texture. 4.5 Credits, 9 Hours</p>', 9, 5, 0, 1),
(73, 'ARC112', 'Foundation Design Studio II- Form and Composition', '<p class="Default">Articulation of form and space as fundamentals of composition.Elements of forms and spaces and their different aspects.Introduction to scale and proportion.Layering and sequence of space, solids and voids, transparency and opacity.Multi-layer analysis of compositions of different media and finding three-dimensional expression through application of basic ordering principles.Study and analysis of three-dimensional aspects of different forms and materials.Exercises in three-dimensional composition. 4.5 Credits, 9 Hours</p>', 9, 5, 0, 1),
(74, 'BUS101 ', 'Introduction To Business', '<p><span style="font-size: 11px;">Emphasizes the concepts of basic functional areas of Business, such as Finance, Marketing, Management, Accounting and MIS. Emphasis is given on the basic concepts and terminologies of the business environment. Thiscourse gives students an idea of what to expect in the areas of business and helps them decide which area to pursue for concentration for their major/minor.&nbsp;</span></p>', 2, 3, 0, 1),
(75, 'BUS134', 'Applied Mathematics I', '<p><span style="font-size: 11px;">Shows application of basic mathematical tools in business. Topics include economic and business models; static or dynamic equilibrium analysis; a brief review of linear models and matrix algebra; comparative statics and the concept of derivative; rules of differentiation and their use in comparative statics; comparative static analysis of general function models; applications in Economics and Business. Also listed as and ENV134.&nbsp;</span></p>\r\n<p><span style="font-size: 11px;"><strong>Pre-requisite</strong>:&nbsp;MAT 125</span></p>', 2, 3, 0, 1),
(76, 'BUS172', 'Introduction to Statistics', '<p>Introduces modern theory and methodology of statistics and their application in economics and business. Topics include descriptive statistics, probability theory, sampling theory and methodology, sampling distributions and hypothesis testing. Computer application is a compulsory component for the course. Also listed as ECO172 &amp; ENV172&nbsp;</p>', 2, 3, 0, 1),
(77, 'BUS173', 'Applied Statistics', '<p><span style="font-size: 11px;">Emphasizes estimation and hypothesis testing for the linear statistical model. Topics include contingency tables, goodness of fit, single and multiple regression, correlation, Bayesian decision theory, time series analysis, and index number. Computer application is a compulsory component for the course. Also cross-listed as ECO173 &amp; ENV173&nbsp;</span></p>\r\n<p><br />[<strong>Pre-requisite</strong>:&nbsp;BUS 172</p>', 2, 3, 0, 1),
(78, 'BUS244', 'Applied Mathematics II', '<p><span style="font-size: 11px;">Shows application of integrative tools of mathematics in business. Topics include optimization and analysis of equilibrium; exponential and logarithmic functions; case of more than one choice variable; optimization with equality constraints; applications of optimization techniques in economics and business; economic dynamics and integral calculus; first and higher-order differential equations in continuous and discrete time period; simultaneous differential equations and difference equations; applications in economics and business. Introduction to linear programming, operation research. Also listed as ECO244 &amp; ENV244&nbsp;</span></p>\r\n<p><br />[<strong>Pre-requisite</strong>:&nbsp;BUS 134&nbsp;</p>', 2, 3, 0, 1),
(79, 'BUS251', 'Business Communication', '<p><span style="font-size: 11px;">Examines communication tools and techniques in different business settings. Topics include communication as a tool of administration and management; practice in writing a wide variety of types and forms of communication; and techniques of oral and visual communication. &nbsp;</span></p>\r\n<p><br />[<strong>Pre-requisite</strong>:&nbsp;ENG 103&nbsp;</p>', 2, 3, 0, 1),
(80, 'BUS500', 'Communication Skills for Managers', '<p>This course examines communication tools and techniques in different business settings. Participants will learn effective ways of conducting official correspondence and writing business reports from a real-life perspective. Major topics will include communication process, models of communication, principles of effective verbal and non-verbal communication, writing and presenting research reports, and communicating with stakeholders.&nbsp;</p>', 2, 3, 0, 1),
(81, 'PHR310L', 'Pharmaceutical Technology Lab-III', '<p>Preparation, Problems encountered during preparation, physical evaluation of different dosage forms: Micro-capsules, parenteral products, opthalmic preparations, Sustained release products.</p>', 4, 1, 0, 1),
(82, 'PHR311', ' Pharmaceutical Engineering-I', '<p>This course includes the essential unit operations used in manufacturing of various pharmaceutical dosage forms. The fundamentals of unit operations, such as fluid flow, heat transfer and mass transfer. This course also covers various pharmaceutical process. Drying, theory of drying, drying mechanism, dryers used in pharmaceutical process. Filtration, theory of filtration, different types of filters used in pharmaceutical manufacturing. Mixing, mixing process, different types of solid and liquid mixtures. Size reduction and classification. Evaporation and distillation. Crystallization. Construction materials for pharmaceutical machines, equipments and piping system.</p>', 4, 3, 0, 1),
(83, 'PHR312', 'Pharmaceutical Analysis-II', '<p>Introduce with various physical techniques used for the identification, characterization, molecularweight determination and estimation or standardization of drugs or pharmaceuticals in pharmaceutical industry. Chromatographic methods of analysis; Spectroscopy: Visible, UV, IR.&nbsp;</p>', 4, 3, 0, 1),
(84, 'PHR312L', 'Pharmaceutical Analysis-Lab-II', '<p>Assay of acetyl salicylic acid in aspirin tablets, non-aqueous assay of phenobarbitone tablets, assay of antazoline hydrochloride in antihistamine tablets, non-aqueous titration of PAS tablets, determination of potency of penicillin tablets, determination of potency of vitamin tablets, determination of calcium gluconate tablets and injections by EDTA titration, determination of saponification value, iodine value and acid value of fixed oils, assay of sulfa-drugs by nitrate titration, microbiological assay of vitamins and antibiotics.&nbsp;</p>', 4, 1, 0, 1),
(85, 'PHR313', 'Pharmacology & Clinical Pharmacy-II', '<p>Drugs used in infectious disease. Antimicrobial, antifungal and anti viral agents. Sulfonamides, Quinolone derivatives; Penicillins and cephalosporins, amino-glycosides, miscellaneous antibacterial agents. Topical and systemic antifungal agents. Anti viral agents, such as, anti-herpes, anti-influenza and others. Chemotherapy of neoplastic disease: Different anti-neoplastic agents. Drugs used in immunomodulation: Immunomodulators, immuno-suppressive agents, tolerogens, immuno-stimulants.&nbsp;</p>', 4, 1, 0, 1),
(86, 'PHR313L', 'Pharmacology Lab-I', '<p>Maintenance and handling of experimental animals, routes for drug administration. Effect of CNS stimulants and depressants on rats. Effect of drugs on gastrointestinal (GI) motility and GI absorption of rats. &nbsp;</p>', 4, 1, 0, 1),
(87, 'PHR314', 'Biopharmaceutics & Pharmacokinetics-I', '<p>This course includes the techniques used to assess the availability of the pharmaceutical product inside the body so as to ensure its proper therapeutic efficacy. Importance; Gastro-intestinal absorption of drugs; Biological, physicochemical and dosage form considerations; Disintegration and dissolution of drugs; Distribution of drugs with important pharmacokinetic parameters; Interpretation of drug-plasma level curve; Drug-protein interaction; Theoretical aspects of drug clearance; Elimination, excretion and biotransformation; Renal pathway of elimination; Hepatic elimination; Biliary excretion; Purpose of bioavailability; Methods of assaying bioavailability; Criteria for bioequivalence studies; Drug product selection on the basis of bioavailability testing.&nbsp;</p>', 4, 3, 0, 1),
(88, 'PHR314L', 'Biopharmaceutics & Pharmacokinetics-Lab I', '<p>In vivo study of bio-availability of drug: Determination of concentration of aspirin in urine after oral administration. Determination of paracetamol in blood after oral administration. In vitro study of bio-availability of drug: Disintegration and dissolution tests of solid dosage forms. Determination of viscosity of a prepared emulsion&nbsp;</p>', 4, 1, 0, 1),
(89, 'PHR315', 'Pharmacy Practice-I', '<p>This course deals with the various aspects of pharmaceutical practice related to patients, community and hospitals. The prescription and abbreviations used in prescription, Extemporaneous prescription compounding. Labelling of dispensed medications. Techniques in radiopharmacy and clinical applications of radiopharmaceuticals. Wound management products and surgical dressings.&nbsp;</p>', 4, 3, 0, 1),
(90, 'PHR222L', 'Medicinal Chemistry Lab-II', '<p>Synthesis of organic compounds of medicinal importance. Exercises on stereo-chemistry &amp; drug receptor interactions. Studies of drug design. Extraction of metabolic enzymes from liver and their effects.&nbsp;</p>', 4, 1, 0, 1),
(91, 'PHR320 ', 'Medicinal Chemistry-III', '<p>This course deals with discovery processes of several classes of drugs, tools used for drugs discovery, conventional drug discovery versus modern tools and their advantages and limitations. Basic concept on drug design and drug discovery; Molecular modifications of antineoplastic drugs; Molecular modifications of antibiotics such as b-lactams, cephalosporins etc.; Molecular modifications of anti-tubercular drugs; Molecular modifications of anti-thyroid drugs.&nbsp;</p>', 4, 3, 0, 1),
(92, 'PHR321', 'Pharmacy Practice-II', '<p>This course has been designed to understand the patient-pharmacist relationships at various level. Ambulatory patient care, Institutional patient care, Long-term care facility, The patient: Behavioral determinants. Patient communications. Patient compliance. Integrated health care delivery system. Home health patient care. Role of pharmacist in the hospital and community. Hospital pharmacy.&nbsp;</p>', 4, 3, 0, 1),
(93, 'PHR322', 'Cosmetology', '<p>This course provides an in-depth understanding about the technology and advancements on various cosmetics preparations. Concepts of designing, formulation, manufacturing, and quality control of Cold cream, Vanishing cream, Transparent shampoo, Egg shampoo, Body lotion, Shaving cream, After shave lotion, Tooth paste, Tooth powder, Mouthwash etc.&nbsp;</p>', 4, 3, 0, 1),
(94, 'PHR322L', 'Cosmetology Lab', '<p>Methods of preparation of talcum powder, tooth powder, tooth paste, vanishing and cold cream, shapoo, lotion, after shave, mouth wash, lipstick, lip gel, hair oil.&nbsp;</p>', 4, 1, 0, 1),
(95, 'PHR323', 'Pharmaceutical Regulatory Affairs', '<p>This course focuses on the concepts, working techniques and tools needed to examine and register pharmaceuticals for human use at home and abroad. Drug Act 1940; Drug (Control) Ordinance 1982; Other rules and regulations. Accepted standards of harmonization and technical requirements for the registration of pharmaceuticals for human use; Approval process, format and registration of pharmaceuticals in Bangladesh. This course reviews the recent global developments and trends in all the necessary steps of manufacturing quality pharmaceuticals.&nbsp;</p>', 4, 3, 0, 1),
(96, 'PHR324', 'Pharmacology & Clinical Pharmacy-III', '<p>Drugs affecting gastro intestinal functions: Drugs used in gastric acidity and peptic ulcer. Prokinetics, anti-emetics, agents used in IBS. Agents used in constipation and diarrhea. Agents used in biliary and pancreatic disease. Drugs affecting renal and cardio vascular functions: Diuretics, vasopressin and others, renin and angiotensisns, drug used for myocardial ischemia, hypertension, heart failure, anti-arrhythmic drugs and lipid lowering drugs.&nbsp;</p>', 4, 3, 0, 1);
INSERT INTO `courses` (`course_id`, `initial`, `title`, `description`, `department_id`, `credit_no`, `semester_id`, `is_active`) VALUES
(97, 'PHR325', 'Pharmaceutical Biotechnology', '<p>N/A</p>', 4, 3, 0, 1),
(98, 'PHR410 ', 'Advanced Pharmaceutical Analysis', '<p>This course is designed for the student to make them familiar with identification, standardization and characterization of organic molecules used in pharmaceutical preparation; studies of degradation pattern and stability of drugs; research skill development in the areas of natural product chemistry, drug design and synthesis and drug metabolite studies- 1H-nmr; 13C-nmr; EIMS; GC-MS; Elemental analysis and hplc methods.&nbsp;</p>', 4, 3, 0, 1),
(99, 'PHR411', 'Pharmacology & Clinical Pharmacy-IV', '<p>Drugs affecting on central nervous system: Neurotransmission and central nervous system, sedative and hypnotics, drugs for depression and anxiety, anti-psychotic drugs, drugs for epilepsy, opioid analgesics, general and local anesthetics. Hormone and Hormone antagonist: Putitory hormones, thyroid and antithyroid drugs, Insulin and other oral hypoglycemic agents, estrogens and progestins, androgens, agents affecting calcification. Ocular pharmacology. Dermatological pharmacology.&nbsp;</p>', 4, 3, 0, 1),
(100, 'PHR411L', 'Pharmacology Lab-II', '<p>In vitro test for the evaluation of drugs acting on the cardiovascular system. Evaluation of anti-inflammatory drugs in caraginine-induced oedema of rats. Analysis and interpretation of experimental data&nbsp;</p>', 4, 1, 0, 1),
(101, 'PHR412', 'Pharmaceutical Engineering-II', '<p><strong>&nbsp;</strong>This course deals with the various aspects of pharmaceutical industry design and construction. Clean room technology: Definition and classifications, Turbulently ventilated clean rooms, Construction materials and surface finish, High efficiency air filter, Clean room testing and monitoring, Clean room discipline and gowning practice. Cleaning and disinfection of clean rooms. Other issued of pharmaceutical engineering, such as, humidification and dehumidification, HVAC systems, Pharmaceutical water engineering.&nbsp;</p>', 4, 3, 0, 1),
(102, 'PHR413', 'Biopharmaceutics & Pharmacokinetics -II', '<p>This course includes the techniques used to assess the availability of the pharmaceutical product by compartmental analysis such as single or one compartment model; multiple compartment model; pharmacokinetic of drug absorption; multiple dosage regimen etc.&nbsp;</p>', 4, 3, 0, 1),
(103, ' PHR413L', 'Biopharmaceutics & Pharmacokinetics-Lab-II', '<p>In vivo study of bio-availability of drug: Determination of concentration of aspirin in urine after oral administration. Determination of paracetamol in blood after oral administration. In vitro study of bio-availability of drug: Disintegration and dissolution tests of solid dosage forms. Determination of viscosity of a prepared emulsion.&nbsp;</p>', 4, 1, 0, 1),
(104, 'PHR414', 'GMP & Pharmaceutical Industrial Practices', '<p>This course reviews the recent global developments and trends in all the necessary steps of manufacturing quality pharmaceuticals.General provisions, Organization and personnel, Buildings and facilities, Equipment, Control of components and drug product containers and closures, Production and process control, Packaging and labeling control, Holding and distribution, Laboratory controls, Records and reports, Returned and salvaged drug products.General provisions, Organization and personnel, Buildings and facilities, Equipment, Control of components and drug product containers and closures, Production and process control, Packaging and labeling control, Holding and distribution, Laboratory controls, Records and reports, Returned and salvaged drug products&nbsp;</p>', 4, 2, 0, 1),
(105, 'PHR415', 'Pharmaceutical Technology-IV', '<p>Detail study of sterile pharmaceuticals. Formulation, packaging and Manufacturing of small volume parenterals. Different process of manufacturing of small volume parenterals, ampoule filling and dry vial filling mechanisms of small volume parenterals. Large volume parenterals, fundamentals of fluid and electrolyte therapy, large volume parenterals manufacturing, the Blow ?fill-seal technology. Parenteral admixture and incompatibility, Blood components and plasma expenders. Radiopharmaceuticals. Ophthalmic preparations.&nbsp;</p>', 4, 3, 0, 1),
(106, 'PHR420', 'Pharmaceutical Management', '<p>This course introduces the students to the basic concepts, styles and tools of pharmaceutical management. Importance; Styles; Improving decision making; Qualities of a manager. Social and legal organizations; Sole proprietorship; General partnership; Public limited company; Private limited company. Personnel management; Principles; Methods; Motivation; Staff requirements theory. Inventory control; Methods; Intuitive; Systematic wantbook; Perpetual inventory; Stock record card; Selection of optimum methods. Purchasing; Effective buying policies; Selecting the sources of supply; Determining terms of purchase; Stocking of goods. &nbsp;</p>', 4, 2, 0, 1),
(107, 'PHR421', 'Pharmaceutical Marketing', '<p>This course discusses various aspects of essential marketing operations in a pharmaceutical company. Pricing of drugs: Competitive strategies of pricing; Pricing methods. Market Promotion: Approaches; Developing a promotional plan; Executing the program; Steps in implementation; Advertising of drugs; Direct mail; Personal selling; Miscellaneous promotion; Limiting factors; Evaluation. Advertising: Classification; Primary and selective demand; Strategy; Appraising the opportunity; Media planning; Measuring effectiveness. Market demand and forecasting: Understanding market demand; Anatomy of a market; Patterns; Forecasting and planning; Using multiple forecasting methods. &nbsp;</p>', 4, 3, 0, 1),
(108, 'PHR422', 'Project', '<p>This is a research course. This course is designed to equip the undergraduate students with the basic methodology of continuing research on various disciplines of pharmaceutical sciences. The students will have to submit a dissertation for partial fulfillment of Bachelor of Pharmacy degree.&nbsp;</p>', 4, 5, 0, 1),
(109, 'PHR423', 'Internship', '<p>This internship training, report submission and evaluation is required for all the students before conferring the Bachelor of Pharmacy degree. This internship training is mandatory for all the students after they have completed at least 140 credits. The internship will be arranged in pharmaceutical industries located in Bangladesh.&nbsp;</p>', 4, 1, 0, 1),
(110, 'ACT201', 'Introduction to Financial Accounting', '<p><span style="font-size: 11px;">An introduction to the accounting model and financial statements with emphasis on the concepts and terminology needed to understand a corporate report. Topics include accounting processes for service and merchandising enterprises; current assets and liabilities; long-term assets; stockholders? equity; revenues and expenses; methods of depreciation; inventory pricing; and accounting cycle for both service and merchandising companies.&nbsp;</span></p>', 12, 3, 0, 1),
(111, 'ACT202', 'Introduction to Managerial Accounting', '<p><span style="font-size: 11px;">Internal accounting as a tool to generate information for managerial planning and control. Conventional as well as modern techniques are used to develop understanding of operating and capital budgets, standard costs, incremental costs, relevant costs, transfer pricing, and profit center reports as a means of analysis and techniques of measurement. Emphasis is given on management reporting and decision making based on complete information..&nbsp;</span></p>\r\n<p><br />[<strong>Pre-requisite</strong>:&nbsp;ACT 201&nbsp;</p>', 12, 3, 0, 1),
(112, 'FIN254', 'Introduction to Financial Management', '<p><span style="font-size: 11px;">This course surveys the basic concepts and tools of Financial Management. The major objectives of this course are to learn the fundamental principles of finance and to obtain a broad perspective of the area of Financial Management. Major topics include financial objectives, financial analysis and planning, financial environment, risk-return trade-off, time value of money, valuation, capital budgeting, cost of capital, capital structure, working capital basics etc. Special emphasis is given on integration of the concepts of Financial Management into a total systems approach to financial decision-making&nbsp;</span></p>\r\n<p>[<strong>Pre-requisite</strong>:&nbsp;ACT 201&nbsp;BUS 172.&nbsp;]</p>', 12, 3, 0, 1),
(113, 'LAW200', 'Legal Environment of Business', '<p><span style="font-size: 11px;">Examines the nature, formation and application of legal principles in business. Topics include the roles of law in society; the legal environment in which business operates, particularly government taxation; the regulation of commerce, competition, and labor-management relations; and the concepts of property: its creation, transfer and importance to our business society.&nbsp;</span></p>', 2, 3, 0, 1),
(114, 'MGT210', 'Principles of Management', '<p><span style="font-size: 11px;">Provides a basic discussion of the environments, approaches, principles and process of management. Topics include environmental forces, planning, organizing and control processes, motivation, teamwork, group dynamics, and leadership in business and non-business organizations.&nbsp;</span></p>\r\n<p><br />[<strong>Pre-requisite</strong>:&nbsp;ENG 102&nbsp;]</p>', 7, 3, 0, 1),
(115, 'MGT314', 'Production Management.', '<p><span style="font-size: 11px;">This course is designed to introduce the students of the program to the fundamentals of Production Management. With the increases in the global market competition, increased the need for competitive modern production and manufacturing system that can provide quality products to their target markets. This course addresses various functional areas of Production and Operations, and would facilitate students with the tools/techniques used in the operations management decisions.&nbsp;</span></p>\r\n<p><br />[<strong>Pre-requisite</strong>:&nbsp;BUS 173&nbsp;MGT 210&nbsp;]</p>', 7, 3, 0, 1),
(116, 'MGT321', 'Organizational Behaviour', '<p><span style="font-size: 11px;">Understanding the behaviour of employees in work organizations. Topics include behavioral concepts and techniques used to enhance worker motivation, satisfaction and productivity.&nbsp;</span></p>\r\n<p><br />[<strong>Pre-requisite</strong>:&nbsp;MGT 210&nbsp;]</p>', 7, 3, 0, 1),
(117, 'MGT351', 'Human Resource Management', '<p><span style="font-size: 11px;">Examines various functions, approaches, and processes of human resource management through discussions and case studies. Topics include nature &amp; scope of HRM, perspectives of HRM, differences with personnel management, job analysis, human resource planning, recruitment &amp; selection, training &amp; development, compensation management, employee safety &amp; security, labour relations, internal employee relations, dimensions of HR audit, international HRM.&nbsp;</span></p>\r\n<p><br />[<strong>Pre-requisite</strong>:&nbsp;MGT 210&nbsp;]</p>', 7, 3, 0, 1),
(118, 'MGT372 ', 'International Business', '<p><span style="font-size: 11px;">Analyses management functions of international business operations of multinational firms. Topics includeude international business environment, organizational policies, strategies of multinational, companies, industrial relations and control policies&nbsp;</span></p>\r\n<p><br />[<strong>Pre-requisite</strong>:&nbsp;MKT 202&nbsp;MGT 210&nbsp;ECO 101&nbsp;]</p>', 7, 3, 0, 1),
(119, 'MIS105', 'Introduction to Computers', '<p><span style="font-size: 11px;">Provides a general understanding of computer applications and functions of the components of a computer system. Topics include components of computer systems; concepts of software; introduction to operating systems; history of computer languages; programming fundamentals; basics such as constant, variables, data type, operators and expressions, pointer; concepts of database; internet technology and World Wide Web. This course undertaken in a lab setting also provides functional orientation to word processing, spreadsheet, presentation, database and WebPages design. The students also learn some basic skills in searching and evaluating online resources.&nbsp;</span></p>\r\n<p><br />[<strong>Pre-requisite</strong>:&nbsp;MAT 112&nbsp;]</p>', 2, 3, 0, 1),
(120, 'MIS205', 'Computer Information Systems', '<p><span style="font-size: 11px;">Fundamentals of information systems; the components of computer based information systems; overview of different types of systems (TPS, MIS, DSS, ESS); phases of system development and implementation; database management system and distributed systems; data communication and network; Internet and E-commerce; artificial intelligence and its applications; knowledge management; examples of strategic application of IT in an organization; privacy, security, social and ethical issues. The course requires the students to analyze business cases applying their technical and problem solving skills.&nbsp;</span></p>\r\n<p><br />[<strong>Pre-requisite</strong>:&nbsp;MIS 105&nbsp;]</p>', 2, 3, 0, 1),
(121, 'MKT202', 'Introduction to Marketing', '<p><strong>&nbsp;</strong><span style="font-size: 11px;">Provides an understanding of fundamental marketing concepts, techniques, thoughts and their application by business and non-business organizations.&nbsp;</span></p>\r\n<p><br />[<strong>Pre-requisite</strong>:&nbsp;ENG 102&nbsp;]</p>', 8, 3, 0, 1),
(122, 'ACT330 ', 'Intermediate Accounting', '<p><span style="font-size: 11px;">The fundamental nature of accounting communication embraced by a study of financial statements and reports, the form of presentation, analysis and interpretation of financial and operating statements, net income concepts, statements from incomplete records, theory and practice relating to cash flow, investment in tangible &amp; intangible, current and non-current assets. Further emphasis on measurement of liabilities and stockholders? equity, the concept of the statement of changes in financial position, analysis of financial statements, problems with accounting changes, errors, estimates and income determination.&nbsp;</span></p>\r\n<p><br />[<strong>Pre-requisite</strong>:&nbsp;ACT 202&nbsp;]</p>', 12, 3, 0, 1),
(123, 'FIN435 ', ' Investment Theory', '<p><span style="font-size: 11px;">Examines the investment environment and process. An investment is the current commitment of money or other resources in the expectation of reaping future benefits. The investment process involves identifying objectives and constraints, formulating and implementing strategies, and monitoring and updating the portfolio as needed. Major topics include investment alternatives, securities markets and trading mechanism, risk and return analysis, modern investment theory, valuation, analysis and management of bonds, common stocks and derivative securities, and investment performance evaluation.&nbsp;</span></p>\r\n<p><br />[<strong>Pre-requisite</strong>:&nbsp;FIN 254&nbsp;]</p>', 12, 3, 0, 1),
(124, 'FIN440', 'Corporate Finance', '<p><span style="font-size: 11px;">Examines in details investment and financing, and their interrelatedness. The overall goal is to obtain a comprehensive and in-depth perspective of the area of Corporate Finance. Major topics include financial analysis and planning, valuation, capital budgeting, capital structure, dividend policy, working capital management, mergers and acquisition, hybrid financing, bankruptcy, multinational financial management, and risk management. Special emphasis is given on integration of the concepts of financial management into a total systems approach to business decision-making.&nbsp;</span></p>\r\n<p><br />[<strong>Pre-requisite</strong>:&nbsp;FIN 254&nbsp;]</p>', 12, 3, 0, 1),
(125, 'ACT322', 'Taxation', '<p><span style="font-size: 11px;">A study of fundamental concepts of taxation and the local tax environment. It includes the theory and the historical growth of the fundamentals of the local tax laws and regulations. Emphasis is placed on the practical application of the tax laws in the preparation of the tax returns both for corporate and individuals and the need for tax planning.&nbsp;</span></p>\r\n<p><br />[<strong>Pre-requisite</strong>:&nbsp;ACT 202&nbsp;]</p>', 12, 3, 0, 1),
(126, 'ACT333', 'Managerial Accounting', '<p><span style="font-size: 11px;">Comprehensive treatment of managerial accounting topics with emphasis on generation, communication, and use of information to assist management in planning and control. Examines recent conceptual and analytical developments in the area of managerial accounting, includes a thorough study of modern and relevant planning and control techniques and their underlying concepts as applied to the various functional areas within a firm.&nbsp;</span></p>\r\n<p><br />[<strong>Pre-requisite</strong>:&nbsp;ACT 202&nbsp;]</p>', 12, 3, 0, 1),
(127, 'ACT341 ', 'Introduction to Auditing', '<p><span style="font-size: 11px;">Theory and practice of the examination of financial statements for the purpose of establishing and expressing an opinion as to their acceptance and reliability. Topics include duties and responsibilities of auditors; methods of conducting various kinds of audits; audit working papers, the preparation of the audit report and special problems in the audit of different kinds of enterprises.&nbsp;</span></p>\r\n<p><br />[<strong>Pre-requisite</strong>:&nbsp;ACT 202&nbsp;]</p>', 12, 3, 0, 1),
(128, 'ACT431', 'Accounting Information Systems', '<p><span style="font-size: 11px;">The integration of information flows of various segments of a business organization into an information system of the total organization with emphasis on the accounting aspects of electronic data processing (EDP). Examines the fundamentals of accounting systems design including systems analysis and design techniques, surveys, hardware and software considerations, control of computerized systems in corporate business environment&nbsp;</span></p>\r\n<p><br />[<strong>Pre-requisite</strong>:&nbsp;ACT 202&nbsp;MIS 205&nbsp;]</p>', 12, 3, 0, 1),
(129, 'FIN340', 'Working Capital Management', '<p><span style="font-size: 11px;">Focuses on the management of various components of current assets and current liabilities. Special emphasis is given on integration of the concepts into a total systems approach to short-term financial management. Topics include management of cash, accounts receivables, inventories and other current assets, and management of accounts payables, bank loans, other short-term loans and other current liabilities.&nbsp;</span></p>\r\n<p><br />[<strong>Pre-requisite</strong>:&nbsp;FIN 254&nbsp;]</p>', 12, 3, 0, 1),
(130, 'FIN433', 'Financial Markets & Institutions', '<p><span style="font-size: 11px;">Introduces students to the fascinating revolution in the financial markets and institutions of the world. Major topics include operations, mechanics, and structure of financial institutions including banks, insurance companies, investment companies, pension funds etc., analyses of the wide array of financial instruments that are now available in the global money and capital markets for investing, financing, and managing risk, and discussions on regulations, monetary policy and international financial system.&nbsp;</span></p>\r\n<p><br />[<strong>Pre-requisite</strong>:&nbsp;ECO 104&nbsp;FIN 254&nbsp;]</p>', 12, 3, 0, 1),
(131, 'FIN444 ', 'International Financial Management', '<p><span style="font-size: 11px;">Focuses on understandings of Financial Management ? in an international environment. This is achieved through comprehensive coverage of topics from the area of International Finance. Major topics include international financial environment, foreign exchange markets including currency futures, forwards, options and swaps, foreign exchange risk management, international financing and investing decisions, international working capital management, multinational capital budgeting, international portfolio diversification, etc.&nbsp;</span></p>\r\n<p><br />[<strong>Pre-requisite</strong>:&nbsp;FIN 254&nbsp;]</p>', 12, 3, 0, 1),
(132, 'FIN464', 'Bank Management', '<p><span style="font-size: 11px;">Provides students with tools and techniques to manage banks. Major topics include operations, mechanics, and structure of banks, performance evaluation of banks, asset-liability management, management of various kinds of risks, such as, interest rate risk, price risk, liquidity risk etc., fund management, bank regulations and international banking etc.&nbsp;</span></p>\r\n<p><br />[<strong>Pre-requisite</strong>:&nbsp;FIN 254&nbsp;]</p>', 12, 3, 0, 1),
(133, 'FIN470', 'Insurance and Risk Management', '<p><span style="font-size: 11px;">Examines the management of non-speculative risks in the business enterprise with emphasis on insurance as a tool. Topics include concepts of risk and insurance; risk analysis; treatment of risk control and financing; analysis of insurance contracts in areas of life, health, property and liability insurance.&nbsp;</span></p>\r\n<p><br />[<strong>Pre-requisite</strong>:&nbsp;ACT 201&nbsp;FIN 254&nbsp;]</p>', 12, 3, 0, 1),
(134, 'FIN475', ' Real Estate Finance', '<p><span style="font-size: 11px;">Introduces the student to the theory and practice in the field of real estate. The course is aimed at providing a broad structure of knowledge. Topics include basic economics of urban growth, structure, locational analysis, market analysis, as well as, the technical aspects of appraising, financing, taxation and investment analysis. In addition, the material covered will acquaint the student with the home-buying process.&nbsp;</span></p>\r\n<p><br />[<strong>Pre-requisite</strong>:&nbsp;FIN 254&nbsp;]</p>', 12, 3, 0, 1),
(135, 'FIN480 ', 'Derivative Securities', '<p><span style="font-size: 11px;">This course offers an introduction to derivative markets. A derivative is an instrument whose value depends on the values of other more basic underlying variables. This course focuses on the financial derivatives. Emphasis is placed on organization and role of put and call options markets, futures and forward markets, swaps markets, and their interrelations. Major topics include arbitrage relations, valuation, hedging and speculating with derivatives, implementation of derivatives trading strategies, the perspective of corporate securities as derivatives, the functions of derivatives in securities markets and recent innovations in derivative markets&nbsp;</span></p>\r\n<p><br />[<strong>Pre-requisite</strong>:&nbsp;FIN 435&nbsp;]</p>', 12, 3, 0, 1),
(136, 'HRM360 ', 'Human Resource Planning', '<p><span style="font-size: 11px;">The primary objective of this course is to provide an understanding of the essential elements of the human resource planning process. Students acquire knowledge in analyzing, assessing and programming for human resource requirements in context of the nature of business and its environment. Qualitative as well as quantitative concepts, approaches and techniques are emphasized&nbsp;</span></p>\r\n<p><br />[<strong>Pre-requisite</strong>:&nbsp;MGT 351&nbsp;]</p>', 2, 3, 0, 1),
(137, 'HRM370', 'Managerial Skills Development', '<p><span style="font-size: 11px;">This course focuses on developing and refining managerial skills. Topics include the review of training and development; the psychology of learning, needs assessment and analysis; development objectives setting; standard and performance, program design and evaluation; group dynamics. Key managerial skills would include: leadership, problem solving and decision-making, negotiation, communication, and management of training and development&nbsp;</span></p>\r\n<p><br />[<strong>Pre-requisite</strong>:&nbsp;MGT 351&nbsp;]</p>', 2, 3, 0, 1),
(138, 'BPS310', 'Strategic Planning and Control', '<p><span style="font-size: 11px;">This course analyzes the strategies and tactics used by firms in various competitive environments. It is targeted toward students that will be either designing or evaluating strategies in both emerging and mature industries. Focus will be on the question of how firms can create and sustain a competitive advantage at home and in host country. Integration of planning and control at business and global level. It covers both formal planning and control systems and the informal processes that lead firms to change their strategic direction. The course explores new models and approaches to strategic planning and control including the "balanced score-card" methodology, the real options approach to evaluating alternatives; and biases affecting strategic decision-making at individual, group and organizational levels.&nbsp;</span></p>\r\n<p><br />[<strong>Pre-requisite</strong>:&nbsp;MGT 210&nbsp; FIN 254&nbsp;]</p>', 2, 3, 0, 1),
(140, 'MKT460', 'Strategic Marketing', '<p>Discusses marketing strategies in a competitive environment. Topics include analyzing markets, market segmentation, analyzing competition, market targeting and positioning strategies, marketing strategies for selected situations, planning for new products, product portfolio strategy, designing effective marketing organizations, marketing strategy implementation and control&nbsp;</p>\r\n<p><br />[<strong>Pre-requisite</strong>:&nbsp;MKT 202&nbsp;]</p>', 8, 3, 0, 1),
(141, 'INB480', 'Global Business Strategy', '<p>This course provides a study of the development of business strategies in an international context. The course is divided in three main areas: analyzing the influence of global competition, developing a global strategy, and case studies of winning and losing international companies. Special topics include managing cultural diversity, ethical and political considerations, handling risk of international operations and strategic planning in developing countries&nbsp;</p>\r\n<p><br />[<strong>Pre-requisite</strong>:&nbsp;MGT 372&nbsp;]</p>', 2, 3, 0, 1),
(142, 'BPS320', 'Organizational Structure and Design', '<p>Examines various techniques and theories of organizational structure and design. Topics include classical, neo-classical, contemporary and emerging design approaches; functional, divisional, geographical, hybrid, and matrix structures; hourglass, cluster, and network structures; problems and perspectives in designing organizations and developing organizational structures.&nbsp;</p>\r\n<p><br />[<strong>Pre-requisite</strong>:&nbsp;MGT 210&nbsp;]</p>', 2, 3, 0, 1),
(143, 'BPS330 ', 'Organizational Development and Change', '<p>Deals with the understanding of basic processes and systems of organizational development. Provides students with an integrated and comprehensive view of the field of organizational development. Topics include organizational renewal and change, development process, intervention process, organizational culture, change in vision, and mission statement, and it''s impact on organizational development (OD), and challenge and the future of organizational development&nbsp;</p>\r\n<p><br />[<strong>Pre-requisite</strong>:&nbsp;MGT 210&nbsp;]</p>', 2, 3, 0, 1),
(144, 'BPS410', 'Management of Technology and Innovation', '<p>Deals with techniques of managing technological changes and innovations. Topics include technological environment, technological options, process of developing new products and ideas, innovation revolution, innovations and new ventures, strategies for creativity, technology and innovation risks, and American/Japanese approaches to managing the innovation process.&nbsp;</p>\r\n<p><br />[<strong>Pre-requisite</strong>:&nbsp;MGT210&nbsp;]</p>', 2, 3, 0, 1),
(145, 'INB410 ', 'International Competitiveness', '<p>Focuses on the concepts and tools needed to develop a conceptual framework to create and sustain global competitive advantage. Topics include critical sources of international competitive advantages available for firms; role and functions of major institutions involved in international commerce; models of international competitiveness; transnational risk analysis; and emerging issues and perspectives in international competitiveness.&nbsp;</p>\r\n<p><br />[<strong>Pre-requisite</strong>:&nbsp;MGT 372&nbsp;]</p>', 2, 3, 0, 1),
(146, 'BPS440', 'Creative Problem Solving', '<p>This course provides a logical framework for identifying, analyzing and resolving business problems that utilize the creative process. Focus will be on the use of divergent/convergent thinking techniques throughout all phases of problem analysis. Topics include improvisation in business decisions, creativity versus critical thinking, problem identification/definition, gathering/compiling information, and generating, evaluating and implementing ideas. Course is integrated using sources and uses of the Power Model and Improvisation techniques.&nbsp;</p>\r\n<p><br />[<strong>Pre-requisite</strong>:&nbsp;MGT 210&nbsp;]</p>', 2, 3, 0, 1),
(147, 'BPS470 ', 'Supply Chain Management', '<p>Supply chain management deals with the management of materials, information and financial flows in a network consisting of suppliers, manufacturers, distributors, and customers. The coordination and integration of these flows within and across companies is important for effective management. Supply Chain becomes critical with the trend of outsourcing, globalization, and fast technological evolution and dispersion of value chain activities. In this course, we will introduce key concepts, best practices, innovative ideas, practical principles, and critical thinking of integrative demand and supply chain management.&nbsp;</p>', 2, 3, 0, 1),
(148, 'MKT337 ', 'Promotional Management', '<p>Analysis of principal means of promotion. Includes preparation of an advertising campaign and appropriate determination of advertising strategies. An overview of promotion management providing a framework for integrating the promotion functions in the areas of advertising, personal setting, sales promotion and publicity. Examines the key managerial topics involved in the design, implementation and evaluation of the marketing communications program&nbsp;</p>\r\n<p><br />[<strong>Pre-requisite</strong>:&nbsp;MKT 202&nbsp;]</p>', 8, 3, 0, 1),
(149, 'MKT344', 'Consumer Behavior', '<p>Application of behavioral science theories, concepts, methods, and research findings to the understanding and prediction of consumer behavior to the decision-making process of marketing managers. An interdisciplinary approach to the study of the decision making ability as it applies to the purchase of consumer goods. Examines social and psychological influences on individuals, household and organizational buyer behavior. Investigates buyer behavior models and applies them in the marketing decisions.&nbsp;</p>\r\n<p><br />[<strong>Pre-requisite</strong>:&nbsp;MKT 202&nbsp;]</p>', 8, 3, 0, 1),
(150, 'MKT470', 'Marketing Research', '<p>Focuses on the techniques and methods of marketing research: emphasizes primarily survey research and experimental design ; and offers students the opportunity to apply techniques to real-work situations.&nbsp;</p>\r\n<p><br />[<strong>Pre-requisite</strong>:&nbsp;MKT 202&nbsp;BUS 172&nbsp;]</p>', 8, 3, 0, 1),
(151, 'MKT382', 'International Marketing.', '<p>An in-depth emphasis on trends and developments in the global marketing environment with analysis of marketing problems of international business. Examines the marketing mix-product, promotion, distribution, and pricing-within the international context, particularly strategic marketing management. Topics covered include import-export, joint ventures as well as global marketing systems, the influence of international institutions, cultural, social, religious and political influences, stages of development, geographical problems and international product pricing.&nbsp;</p>\r\n<p><br />[<strong>Pre-requisite</strong>:&nbsp;MKT 202 &nbsp;MGT 372&nbsp;]</p>', 8, 3, 0, 1),
(152, 'MKT412 ', ' Services Marketing', '<p>Explores the marketing of services in consumer, business, not-for-profit and global settings. Management of the marketing effort for service businesses (hotels, restaurants, banks, legal firms, medical offices etc.) using case analyses, exercises and projects which deal with crucial aspects of service design and marketing delivery. Investigates the nature of services and the theories, concepts, tactics and strategies for solving marketing problems, improving service quality and ensuring customer satisfaction..&nbsp;</p>\r\n<p><br />[<strong>Pre-requisite</strong>:&nbsp;MKT 202&nbsp;]</p>', 8, 3, 0, 1),
(153, 'MKT417', 'Export-Import Management', '<p>Detailed operational mechanics of export and import transactions involving relevant parties, including the banks, insurers, shippers, etc. involved in export import financing; available incentives for exporters; agencies that provide help to exporters and importers; relevant government policies including the regulations of foreign exchange; export promotion methods; emphasizes the cases of Bangladesh&nbsp;</p>\r\n<p><br />[<strong>Pre-requisite</strong>:&nbsp;MGT 372&nbsp;]</p>', 8, 3, 0, 1),
(154, 'MKT445', 'Sales Management', '<p>Provides the basic foundation for understanding all major aspects of selling. Examines the thorough, up-to-date integrated overview of the accumulated theory and research evidence relevant to sales management. Emphasizes on the basic concepts, critical decision areas and analytical approaches for Personal Selling. Examines the formulation of a strategic sales plan, and implementation, evaluation and controlling of the same.&nbsp;</p>\r\n<p><br />[<strong>Pre-requisite</strong>:&nbsp;MKT 202&nbsp;]</p>', 8, 3, 0, 1),
(155, 'MKT450', 'Marketing Channels', '<p>Presents the fundamental and basic concepts in analyzing appropriate marketing channels, identifies the issues of designing sound marketing channels, the issues of managing them effectively, and time-to-time evaluation of their performance in the real life scenario.&nbsp;</p>\r\n<p><br />[<strong>Pre-requisite</strong>:&nbsp;MKT 202&nbsp;]</p>', 8, 3, 0, 1),
(156, 'MKT465', 'Brand Management', '<p>A specialized course in product planning which emphasizes creating, building, maintaining, and proactively delivering perceived consumer value. Topics include brand development, brand personality, self-concept and preferred brand, brand equity, and the eventual brand strategy. Emphasis is given on the brand?s current market positioning, positioning strategies, portfolio of multiple brands, financial, managerial and operational resources to manage the brand, and managerial expectations of the brand. A critical evaluation of the current leading brands of the country will be covered as case study. &nbsp;</p>\r\n<p><br />[<strong>Pre-requisite</strong>:&nbsp;MKT 202&nbsp;]</p>', 8, 3, 0, 1),
(158, 'ECO329', 'Contemporary Issues in Global Economy', '<p>Analysis in depth of selected current issues and policy problems of the international economy, including (but not restricted to) the following: reform of the international monetary system; role of the General Agreements on Tariffs and Trade and the United Nations Conference on Trade and Development in expanding trade between the developed and developing economies; problems of stabilizing international commodity markets; and balance-of-payments problems of selected countries and various trade blocs in the global economy.&nbsp;</p>\r\n<p><br />[<strong>Pre-requisite</strong>:&nbsp;ECO 328&nbsp;]</p>', 3, 3, 0, 1),
(159, 'FIN445', 'International Financial Institutions', '<p>Study of the impact and role of international financial institutions, such as, World Bank, International Monetary Fund (IMF) etc. in the global operation of finance and capital markets. An in-depth overview of the processes at work within the international financial system, its major participants, its procedures for assessing and pricing risk, and its role in the allocation of credits, loans, grants to different financial sectors of different countries. Interactions between international financial institutions and multinational firms, interest rate mechanism, balance of payment situation and the contribution of international financial institutions in the development of aggregate economics are emphasized. &nbsp;</p>\r\n<p><br />[<strong>Pre-requisite</strong>:&nbsp;FIN 254&nbsp;]</p>', 12, 3, 0, 1),
(160, 'INB350', 'International Business Negotiations', '<p>Focuses on key areas of negotiation and analyzes the basic skills required for the negotiation process. Topics include fundamental negotiation strategies and approaches used to effect changes in the turbulent global setting; conditions for successful negotiation; and cross-cultural issues in international negotiation..&nbsp;<br /><br />[<strong>Pre-requisite</strong>:&nbsp;MGT 372&nbsp;]</p>', 2, 3, 0, 1),
(161, 'INB355', 'Country Risk Analysis', '<p>Focuses on the techniques used to assess country risks in international business. Topics include models of risk assessment; environmental analysis; assessment of political, legal, regulatory, economic, social and cultural risks; risk profile of different countries; risk portfolio; business strategies in a high-risk environment.&nbsp;</p>\r\n<p><br />[<strong>Pre-requisite</strong>:&nbsp;MGT 372&nbsp;]</p>', 2, 3, 0, 1),
(162, 'INB440', 'Foreign Trade of Bangladesh', '<p>Examines the foreign trade policy and foreign trade situation of Bangladesh. Topics include theories of foreign trade; historical evolution of the foreign trade policy of Bangladesh; balance of trade and balance of payment; trade surplus and trade deficit; current state of foreign trade; future challenges and issues of foreign trade of Bangladesh.&nbsp;<br /><br />[<strong>Pre-requisite</strong>:&nbsp;MKT 202&nbsp;ECO 249&nbsp;]</p>', 2, 3, 0, 1),
(163, 'MIS210 ', 'Concepts of Computer Programming', '<p>The course provides introductory skill in structured reasoning and programming using an object-oriented programming approach. It begins with object-oriented analysis and design using UML (Unified Modeling Language) and then implements fundamental UML features within an OO language (either C++ or OOP). Topics include concepts, history and properties of OOP, Introduction to UML (history, models, components), Basics of UML notation (e.g., Use cases, Class diagrams, Interaction diagrams, Activity diagrams, State Charts), Advanced features of UML (e.g. Stereotypes), Object design, Object Programming (Data type and conversion, variable and arrays, Operator control system, Object references, Method overloading, constructors, Access control, Exception handling, Multithreaded programming, Library function, Input/output stream), exposure to software development and design issues, The work will include hands-on use of the Rational Rose, a CASE tool which supports creation of UML designs and automatic generation of outlines of C++ or OOP programming.&nbsp;</p>\r\n<p><br />[<strong>Pre-requisite</strong>:&nbsp;MIS 205&nbsp;]</p>', 2, 3, 0, 1),
(164, 'MIS310', 'Database Systems for Business', '<p>Focuses on the design, development, and control of databases and applications software based on database. Topics include database modeling; logical and physical database design and applications development; and database administration. Emphasis is given on database programming using a RDBMS tool (preferably Oracle, platform Microsoft NT). The course will be developed by testing individual understanding on database models &amp; concepts and applying theoretical background in an application project&nbsp;</p>\r\n<p><br />[<strong>Pre-requisite</strong>:&nbsp;MIS 205&nbsp;]</p>', 2, 3, 0, 1),
(165, 'MIS450 ', 'Data Communication and Networking for Business', '<p>The course provides a comprehensive view of data communications technology which provides the necessary infrastructure for client-server architecture, the internet, intranets and extranets, groupware, and any e-business application. The course begins with the introduction of various operating systems focusing on Windows NT/Windows 2000 as the main platform with the gradual development of the course. Other topics include data communications concepts and technologies, network architecture and topology, communication protocols (TCP/IP, IEEE standards, OSI model), media access methods and information packets, technical review of the network service, including LANs and WANs, remote access and wireless networking, the Internet and internetworking, and enterprise networks, issues relating to network planning and development, network security (Firewall, SSL and others) and server management. Students will be involved in setting up a simple PC LAN and a database (Oracle) server with a firewall (optional).&nbsp;</p>\r\n<p><br />[<strong>Pre-requisite</strong>:&nbsp;MIS 205&nbsp;MIS 310&nbsp;]</p>', 2, 3, 0, 1),
(166, 'MIS460', ' Decision Support Systems', '<p>Overview of decision support systems and their types, normative, behavioral theories and cognitive biases in decision making, DSS Architecture, Introduction to DSS development tools, Modeling and decision analysis (preferably by using Excel), Programming concepts (Linear Programming), Review of Database Concept (with Oracle), Overview of OLAP and data mining, Introduction to data warehousing, Group Support System, Artificially Intelligent Decision Support System: tools and applications, discussion of design appropriateness, risk assessment and implementation issues of DSS. The course will provide the students with the opportunity to design a simple decision support system and to evaluate and justify the design.&nbsp;</p>\r\n<p><br />[<strong>Pre-requisite</strong>:&nbsp;MIS 205&nbsp;MIS 310&nbsp;]</p>', 2, 3, 0, 1),
(167, 'MIS470', 'Systems Analysis and Design', '<p>Examines techniques required to conduct information systems analysis. Topics include concepts, phases, activities, and roles of SDLC, system feasibility study, cost benefit analysis of information systems, proposal evaluation; techniques for analyzing and documenting existing and proposed systems, form design, structured analysis, data flow diagrams, data dictionaries, decision tables, state-transition diagrams, ER diagrams, and object-oriented techniques, selection of hardware and software; implementation and post implementation evaluation of systems. The course also teaches the applications of necessary project management tools and techniques. The course may deploy a CASE tool to teach systematic analysis and documentation through hypothetical case situations or a semester long field project.&nbsp;</p>', 2, 3, 0, 1),
(168, 'MIS480', 'E-Commerce and Web Management', '<p>Examines electronic business processes with an emphasis on Internet and E-commerce applications for enhancing quality and cost effectiveness. Topics include local and global perspectives of E-business, various models of E-commerce, role of transactions in E-commerce, electronic payment systems, E-commerce infrastructure, TCO, E-commerce based supply chain, value system, web applications, corporate web server management, web security (cryptography), and legal considerations in E- commerce and web management relevant to the industry.&nbsp;</p>\r\n<p><br />[<strong>Pre-requisite</strong>:&nbsp;MIS 205&nbsp;MIS 310&nbsp;MIS 450&nbsp;]</p>', 2, 3, 0, 1),
(170, 'CSE232', 'Computer Organization and Design', '<p>Design of a simple processor, control logic design: random logic and microprogramming; machine-level programming, instruction sets, data representations; subroutines; input/output hardware and software; pipelining; relation to high-level languages.&nbsp;&nbsp;<br /><strong>Prerequisite:</strong>&nbsp; CSE 231</p>', 1, 3, 0, 1),
(171, 'CSE243', 'Electrical Circuits', '<p>Formulation and solution of circuit equations, network theorems, sinusoidal steady-state analysis. Topics include loop and nodal analysis, superposition and Thevenin theorem, properties of sinusoids, phasor representation and vector diagrams. This course has mandatory laboratory sessions every week.&nbsp;</p>\r\n<p><strong>Prerequisite:</strong>&nbsp;MAT 120</p>', 1, 3, 0, 1),
(172, 'CSE253', 'Electronics', '<p>Small and large signal characteristics and models of electronic devices; analysis and design of elementary electronic circuits. This course has mandatory laboratory sessions every week. &nbsp;</p>\r\n<p><strong>Prerequisite:</strong>&nbsp;CSE 243</p>', 1, 3, 0, 1),
(173, 'CSE257', 'Numerical Methods', '<p>Techniques of linear algebra include system of linear equation, matrices and inverses, determinants, vector spaces, Eigen values and Eigen vectors. Solution of linear system: Gaussian elimination. Iterative methods: Gaussian method, inverse of a matrix by Gauss Jordan method. Interpolation and approximation: Lagrange polynomials, Newton&rsquo;s formula, Numerical differentiation and integration.</p>\r\n<p><strong>Prerequisite:</strong>&nbsp;CSE 225, MAT 125, MAT 240&nbsp;</p>', 1, 3, 0, 1),
(174, 'CSE263', 'Kinematics and Robotics', '<p>Vector representation of forces and moments; general three dimensional theorems of statics; free bodies; two-and three-dimensional statically determinate frames; centroids and moments of inertia of areas.&nbsp; Absolute motion of a particle; motion of rigid bodies; rotating axes and the Coriolis component of acceleration; Newton&rsquo;s laws applied to translating and rotating rigid bodies; principles of work and energy and impulse and momentum in translation and rotation; moments of inertia of masses.&nbsp;</p>\r\n<p><strong>Prerequisite:&nbsp;</strong>&nbsp;CEG 100, PHY108 and MAT 250</p>', 1, 3, 0, 1),
(175, 'CSE273', 'Introduction to Theory of Computation', '<p>Theorem proving, propositional logic, first order logic, finite automata, formal languages, Turing machines, uncomputability, computational complexity and NP completeness.&nbsp;</p>\r\n<p><strong>Prerequisite</strong>: CSE 173, CSE 225</p>', 1, 3, 0, 1),
(176, 'CSE281', 'Introduction to Digital Electronics', '<p>Theory and operation of circuits used in digital computers including basic electrical circuit principles, diodes, bipolar and MOS transistors, digital logic circuits, memory circuits, and the fundamentals of analog circuits. &nbsp;</p>\r\n<p><strong>Prerequisite:</strong>&nbsp;PHY108, CSE 231</p>', 1, 3, 0, 1),
(177, 'CSE283', 'Electrical and Electronics Circuit Design Laboratory I', '<p><strong>&nbsp;</strong>Principles of instrumentation and data analysis and the development of methods of experimental analysis for testing theories and hypotheses.&nbsp;</p>\r\n<p><strong>Prerequisite:</strong>&nbsp;CSE 243</p>', 1, 2, 0, 1),
(178, 'CSE331', 'Microcomputer Systems', '<p>Study of microprocessor architectures, hardware modules, and interfaces; programming, software tools, development systems, and applications; and microprocessor system design methodology.&nbsp;</p>\r\n<p><strong>Prerequisite:</strong>&nbsp;CSE 232.<strong><br /></strong></p>', 1, 3, 0, 1),
(179, 'CSE325', 'Programming Languages Principles', '<p>An introduction to the structure&nbsp; of programming languages.&nbsp; Formal specification of syntax and semantics; structure of algorithmic, list processing, string manipulating, data description, and simulation languages:&nbsp; basic data types, operations, statement types, and program structure; macro language and their implementation; and run-time representation of programs and data.&nbsp;</p>\r\n<p><strong>Prerequisite:</strong>&nbsp;CSE 225.&nbsp;</p>', 1, 3, 0, 1),
(180, 'ECO172', 'Introduction to Statistics', '<p>This course is an introduction to modern theory and methodology of statistics in the areas of economics and business; topics include descriptive statistics, data collection techniques; probability theory, sampling theory and methodology; sampling distributions. Computer application is a compulsory component for the course&nbsp;</p>', 3, 3, 0, 1),
(181, 'MKT480	', 'Direct Marketing', '<p>Emphasizes the theory and practice of direct marketing as an aspect of the total marketing system for both small and large businesses. Focuses on the nature, scope and importance of direct marketing campaign in the era of information and change. Further emphasis is given to direct mail, print and broadcast advertising, telephone promotion and interactive media selection.&nbsp;</p>', 8, 3, 0, 1),
(182, 'CSE338', ' Computer Networks I', '<p>Introduction to International Standards Organization open System Interconnection (ISO-OSI) reference model, design issues and protocols in the physical layer, data link layer&nbsp; and network layer;&nbsp; architectures and control algorithms of local area networks, point-to-point networks and satellite networks; standards in network access protocols; models of network interconnection, and overview of networking and communication software.&nbsp;</p>\r\n<p><strong>Prerequisite:</strong>&nbsp;CSE 232 and MAT 361.&nbsp;</p>', 1, 3, 0, 1),
(183, 'CSE348', 'Artificial Intelligence', '<p>An introductory description of the major subjects and directions of research in artificial intelligence; topics include all languages (LISP and PROLOG), basic problem solving techniques, knowledge representation and computer inference, machine learning, natural language understanding, computer vision, robotics, and&nbsp; societal impacts. &nbsp;</p>\r\n<p><strong>Prerequisite:</strong>&nbsp;CSE 225 and CSE 232; or consent of instructor.&nbsp;<strong>&nbsp;</strong></p>', 1, 3, 0, 1);
INSERT INTO `courses` (`course_id`, `initial`, `title`, `description`, `department_id`, `credit_no`, `semester_id`, `is_active`) VALUES
(184, 'CSE351', 'Electronics II', '<p>This course develops an in-depth knowledge of the frequency response and design methods to fix gain - bandwidth specifications in amplifier circuitry. Design use of feedback techniques is also presented in this course. Properties and design application of operational amplifies are elaborately studied. Signal generators: Basic principle of sinusoidal oscillation, different types of oscillators also included in this course. This course has mandatory laboratory sessions every week.&nbsp;</p>\r\n<p><strong>Prerequisite:</strong>&nbsp;CEG 253</p>', 1, 3, 0, 1),
(185, 'CSE353', 'Electrical and Electronics Circuit Design Laboratory II', '<p>Principles of instrumentation and data analysis and the development of methods of experimental analysis for testing theories and hypotheses.&nbsp;</p>\r\n<p><strong>Prerequisite:</strong>&nbsp; CSE 283.</p>', 1, 2, 0, 1),
(186, 'CSE373', ' Design and Analysis of Algorithms', '<p>Advanced data structures, complexity analysis, sorting and searching, graph algorithms, arithmetic algorithms, geometric algorithms, string problems, parallel algorithms, NP-Completeness. &nbsp;</p>\r\n<p><strong>Prerequisite:</strong>&nbsp;CSE 273 and MAT 361 or consent of instructor.&nbsp;</p>', 1, 3, 0, 1),
(187, 'CSE410', 'Management of Information Technology', '<p>Definition of technology in the manufacturing, service and IT industry; Importance of R&amp;D management and technology transfer; Importance of integrating technology planning, product planning, business planning and the market demands&rsquo; Human, social and environmental concerns associated with technological change. Case studies: (a) Lessons from successful corporations: Intel and Microsoft, (b) Applications in Bangladesh Industries: IT, software, energy, garments, telecom, and agriculture. Cross-listed with MGT410</p>\r\n<p><strong>Prerequisite:</strong>&nbsp;100 credits completed.<strong>&nbsp;</strong></p>', 1, 3, 0, 1),
(188, 'CSE411', 'Advanced Database', '<p>Physical data organization, design and administration including schema, normalization and relational algebra, database implementation, CODASYL implementation and network database, distributed database, database machines, DATA LOG and intelligent databases.&nbsp;</p>\r\n<p><strong>Prerequisite:</strong>&nbsp;CSE 311.&nbsp;</p>', 1, 3, 0, 1),
(189, 'CEG413', 'Digital Microprocessor Design LaboratoryDigital Microprocessor Design Laboratory', '<p>Design of digital systems with integrated circuits and MSI/LSI and microprocessor interfacing.</p>\r\n<p><strong>Prerequisite:</strong>&nbsp;CSE 331.</p>', 1, 2, 0, 1),
(190, 'CSE419', 'Data Mining', '<p>Definition of Data Mining, Data Mining Functionalities, Major Issues in Data Mining,&nbsp;</p>\r\n<p>Data Warehouse, Data Warehouse Implementation, Data Processing and Data Cleaning,&nbsp;<br />Data Mining Primitives, Languages and Systems Architecture, Mining Association Rules in&nbsp;<br />Large Databases: The Apriori Algorithm, Classification and Prediction: Preparing the Data&nbsp;<br />for Classification, Classification by Decision Tree Induction, Bayesian Classification, Other&nbsp;<br />Classification Methods, Clustering Analysis, Mining Complex Types of Data, Applications and&nbsp;<br />Trends in Data Mining.&nbsp;&nbsp;&nbsp;&nbsp;&nbsp;&nbsp;&nbsp;&nbsp;&nbsp;&nbsp;&nbsp;&nbsp;&nbsp;<br /><strong>Prerequisite:</strong>&nbsp;CSE 311&nbsp;</p>', 1, 3, 0, 1),
(191, 'CSE423', 'Advanced Operating Systems', '<p>Studies the design and implementation of operating systems. Reviews algorithms for concurrent processes, deadlock resolution, process management, performance evaluation, and monitoring. Compares a variety of solutions to major problems in the field. Advanced topics like interprocess communication and disk drivers will also be discussed.&nbsp;</p>\r\n<p><strong>Prerequisite:</strong>&nbsp;CSE 323.</p>', 1, 3, 0, 1),
(192, 'CSE427', 'Advanced Software Engineering', '<p>An in-depth study of software nature and its qualities, software engineering principles with emphasis on rigor and formality and anticipation of change. Software design, specification, verification, production process, management of software engineering,, software engineering tools and environments. Case studies. &nbsp;</p>\r\n<p><strong>Prerequisite:</strong>&nbsp;CSE 327.</p>', 1, 3, 0, 1),
(193, 'CSE433', 'Computer Architecture', '<p>Computer system analysis and design; performance and cost, instruction set architecture, processor implementation techniques, pipelining, vector processors, memory-hierarchy design, input/output.&nbsp;</p>\r\n<p><strong>Prerequisite:</strong>&nbsp;CSE 331.&nbsp;</p>', 1, 3, 0, 1),
(194, 'CSE435', ' Introduction to VLSI Design', '<p>Complementary Metal-Oxide Semiconductor (CMOS) technology and theory; CMOS circuit and logic design; layout rules and techniques; circuit characterization and performance estimation; CMOS subsystem design; Very-Large-Scale Integrated (VLSI) systems design methods; VLSI Computer Aided Design (CAD) tools; laboratory experience in custom VLSI chip design on workstations using concepts of hierarchy; final project involving specification, design and evaluation of a VLSI chip or VLSI CAD program; and written report and oral presentation on the final project. &nbsp;</p>\r\n<p><strong>Prerequisite:</strong>&nbsp;CSE 232.&nbsp;</p>', 1, 3, 0, 1),
(195, 'CSE444', 'Artificial Intelligence', '<p>An introductory description of the major subjects and directions of research in artificial intelligence; topics include all languages (LISP and PROLOG), basic problem solving techniques, knowledge representation and computer inference, machine learning, natural language understanding, computer vision, robotics, and&nbsp; societal impacts. &nbsp;</p>\r\n<p><strong>Prerequisite:</strong>&nbsp;CSE 225 and CSE 232; or consent of instructor</p>', 1, 3, 0, 1),
(196, 'CSE445', 'Machine Learning', '<p>Introduction to Machine Learning; Classification of learning: Unsupervised and supervised learning, Connectionist learning, Reinforcement learning, Machine discovery; Supervised learning: Information theoretic decision tree learner, Best current hypothesis search, Candidate elimination (version space) algorithm, Learning in the first order Horn clause representation, Inductive logic programming, Application; Unsupervised learning: Hierarchical clustering, Category utility, Incremental and nonincremental algorithms for hierarchical clustering, Applications; Connectionist learning: Introduction to Neural Network, Feedforward and recurrent network, Perceptron, Multilayer feedforward network, Backpropagation algorithm for training a feedforward network, Applications; Genetic Algorithms: Genetic operators, Fitness function, Genetic algorithm in supervised learning framework, Applications.</p>\r\n<p><strong>Prerequisite:</strong>&nbsp;CSE 348.</p>', 1, 3, 0, 1),
(197, 'CSE446', 'Introduction to Bioinformatics', '<p>Bioinformatics and the Internet, Overview of Molecular Biology and Biological Chemistry,The Genetic Material, Gene Structure and Information Content,Protein Structure and Function, Bioinformatics tools,The NCBI Data Model,The GenBank sequence database,DNA sequencing,Editing DNA sequences,Submitting DNA sequences to the Database,Sequence Retrieval from Biological Databases ( NCBI, EMBL, ExPasy),Sequence similarity searches ( BLAST, FASTA, EMBL databases),Sequence Alignment ( CLUSTAL X, Genedoc, Bioedit) Phylogenetic Analysis.&nbsp;</p>\r\n<p><strong>Prerequisite:</strong>&nbsp;60 credits completed.</p>', 1, 3, 0, 1),
(198, 'CSE448', 'Neural Networks', '<p>Elementary Neurophysiology - Biological Neurons to Artificial&nbsp; Neurons. Adaline and the Medaline. Perceptron. Backpropagation&nbsp; Network. Bidirectional Associative Memories. Hopfield Networks. Counterpropagation&nbsp; Networks. Kohonen&rsquo;s Self Organizing&nbsp; Maps. Adaptive Resonance Theory. ART1 - ART2 - ART3. Boltzman Machines, Spatiotemporal Pattern Classifier, Neural Network models: Neocognitron , Application of Neural Networks to various disciplines.&nbsp;</p>\r\n<p><strong>Prerequisite:</strong>&nbsp;CSE 348 and consent of the instructor.</p>', 1, 3, 0, 1),
(199, 'CSE467', ' Image Processing', '<p>Introduction; Point operations; Histograms; Spatial operations; Affine transformations; Image rectification; Interpolation and other transformations; Contrast enhancement; Convolution operation, Magnification and Zooming; Fourier transform; Edge detection; Boundary extraction and representation; Mathematical morphology.&nbsp;</p>\r\n<p><strong>Prerequisite:</strong>&nbsp;CSE 373.&nbsp;</p>', 1, 3, 0, 1),
(200, 'CSE470', 'Theory of Fuzzy Systems', '<p>Introduction to Neuro-Fuzzy and Soft Computing, Soft Computing and AI, Neural Networks, Fuzzy Set Theory, MF Formulation and Parameterization, Fuzzy Union, Intersection, and Complement, Fuzzy Rules and Fuzzy Reasoning, Fuzzy Inference Systems, Regression and Optimization, Supervised Learning Neural Networks, Neuro-Fuzzy Modeling, ANFIS, Neuro-Fuzzy Control, ANFIS Applications.&nbsp;</p>\r\n<p><strong>Prerequisite:</strong>&nbsp;CSE 348.&nbsp;</p>', 1, 3, 0, 1),
(201, 'CSE482', ' Internet and Web Technology', '<p>The course develops an in-depth knowledge of the concepts, principles and implementation techniques related to the Internet and web technology. Details about the Internet, Intranet, Extranet, and e-commerce will be covered. Topics include Web server management, threats, security of client and server, network security like firewall, SSL, etc., authentication and authorization, legislation, privacy and IP act, electronic payment, e-business, search engine, Internet protocols like TCP/IP, SGML, XML. Design and development of Web applications using Java Applets, ASP, Java Script, CGI and other Web tools is discussed.&nbsp;</p>\r\n<p><strong>Prerequisite:</strong>&nbsp;CSE 338.&nbsp;<strong>3</strong></p>', 1, 3, 0, 1),
(202, 'CSE485', 'Digital Signal Processing', '<p>The purpose of this course is to give the students of Computer Science/Engineering the basic background in Digital Signal Processing. This course introduces how a computer (a general purpose or special purpose DSP chip) could be used to solve Signal Processing problems digitally. The topics include introduction to discrete signal and systems, difference equations, discrete convolution, Z-transform and Fast Fourier transform techniques.</p>\r\n<p><strong>Prerequisite:</strong>&nbsp;CSE 331.&nbsp;</p>', 1, 3, 0, 1),
(203, 'CSE499', 'Project', '<p>Prerequisite: 100 credits completed.&nbsp;</p>', 1, 3, 0, 1),
(204, 'CSE498', 'Intership', '<p>Prerequisite: 100 credits completed.</p>', 1, 3, 0, 1),
(205, 'EEE141', 'Electrical Circuits I', '<p>Formulation and solution of circuit equations, network theorems, sinusoidal steady-state analysis. Topics include loop and nodal analysis, superposition and Thevenin theorem, properties of sinusoids, phasor representation and vector diagrams. This course has separate mandatory laboratory sessions every week in a separate course EEE 283.</p>\r\n<p><strong>Prerequisite:</strong> None.</p>', 1, 3, 0, 1),
(206, 'EEE211', 'Digital Electronics', '<p>Flip-flops, shift registers, counters, arithmetic operations, semiconductor memories, switches, A/D converters D/A converters, digital logic blocks and selected applications of digital circuits.</p>\r\n<p><strong>Prerequisite:</strong> EEE 111.</p>', 1, 3, 0, 1),
(207, 'EEE211L', 'Digital Electronics- Lab', '<p><strong>Lab#1:&nbsp;</strong>Implementing a Boolean function<strong>&nbsp;</strong>[IC Needed: 7486, 7432, 7408, 7404],&nbsp;<strong>Lab#2:&nbsp;</strong>Design of Half Adder/Full Adder/Half Subtractor/Full Subtractor [IC Needed: 7486, 7432, 7408, 7404],</p>\r\n<p><strong>Lab#3:&nbsp;</strong>Design of an Add/Subtract circuit with add/subtract select input P<strong>&nbsp;</strong>[IC Needed: 7483, 7408],&nbsp;<strong>Lab#4:&nbsp;</strong>Design of a Code Converter like Excess-3 code to 8 4 -2 -1 code,<strong>&nbsp;Lab#5:</strong>Design of a Decimal Adder like Excess-3 Adder<strong>&nbsp;</strong>[IC Needed: 7483, 7408, 7432],&nbsp;<strong>Lab#6:&nbsp;</strong>Design of a 4-bit Magnitude Comparator circuit<strong>&nbsp;</strong>[IC Needed: 7486, 7404, 7432, 7408],&nbsp;<strong>Lab#7:</strong>Implementing Boolean functions using Decoder/Multiplexer<strong>&nbsp;</strong>[IC Needed: 74152],&nbsp;<strong>Lab#8:</strong>Sequential Logic Circuit with JK/SR type Flip-flops<strong>&nbsp;</strong>[IC Needed: 7474, 7473],&nbsp;<strong>Lab#9:&nbsp;</strong>Design of counters of various MOD sizes.&nbsp;</p>', 1, 0, 0, 1),
(208, 'EEE221', 'Signals and Systems', '<p>Analysis techniques for signals and systems. Signal representation, including Fourier and LaPlace transforms. System definitions and properties, such as linearity, causality, time invariance, and stability. Use of convolution, transfer functions and frequency response to determine system response. Applications to circuit analysis.</p>\r\n<p><strong>Prerequisite:</strong> MAT350.</p>', 1, 3, 0, 1),
(209, 'EEE232', 'Numerical Analysis in Engineering', '<p>Numerical solutions of algebraic and transcendental equations. Matrices. Interpolation. Computer applications in solving electrical and electronic engineering problems. Curve fitting by least squares. Numerical differentiation, integration. Finite differences. Numerical solution of differential equations. <strong>Prerequisite:</strong> EEE 132, MAT 240.&nbsp;</p>', 1, 3, 0, 1),
(210, 'EEE232L ', 'Numerical Analysis in Engineering-Lab', '<p><strong>Lab 1:</strong>&nbsp;Commands in MATLAB 6.5,&nbsp;<strong>Lab 2:</strong>Built in Function, User-defined function, Selecting a submatrix, loops and conditionals,&nbsp;<strong>Lab 3:</strong>Gaussian Elimination,&nbsp;<strong>Lab 4:</strong>&nbsp;Bisection Method,&nbsp;<strong>Lab 5:</strong>&nbsp;Modified Regula falsi method,&nbsp;<strong>Lab 6:</strong>Newton Raphson method,&nbsp;<strong>Lab 7:</strong>&nbsp;Secant method,&nbsp;<strong>Lab 8:</strong>&nbsp;Gaussian Elimination Method,&nbsp;<strong>Lab 9:</strong>Jacobi method by using matlab, LU decomposition,&nbsp;<strong>Lab 10:</strong>&nbsp;Gauss Seidel Method, Newton Forward and backward (polynomial interpolation),&nbsp;<strong>Lab 11:</strong>&nbsp;Lagrange Interpolation Polynomials,<strong>Lab12:</strong>&nbsp;Curve fitting.&nbsp;</p>', 1, 0, 0, 1),
(211, 'EEE241L', 'Electrical Circuits II- Lab', '<p>Fundamentals of AC circuits &ndash; Familiarization with wave shape and measurement of rms value, frequency and phase difference, Verify Thevenin&rsquo;s and Norton&rsquo;s Theorem in AC circuits, Study of resonance behavior of a series RLC circuit with variable capacitance, Determination of the Bandwidth and Quality Factor of a series RLC circuit, Study of resonance behavior of a parallel RLC circuit with variable capacitance, Determination of a phase sequence of a 3-? system, Measuring average power in three phase circuits, Determination of the Mutual inductance of two magnetically coupled circuits.<strong><br /></strong></p>', 1, 0, 0, 1),
(212, 'EEE280', 'Mechanical Engineering Fundamentals', '<p>Study of sources of energy; conventional&nbsp;&nbsp; renewable, environmental pollution; study of steam generation units with their accessories, internal combustion engines and gas turbines with their accessories, automobiles; Introduction to pumps, blowers and compressors, refrigeration and air-conditioning systems. Prerequisite: PHY 107&nbsp;</p>', 1, 3, 0, 1),
(213, 'EEE283', 'Electrical and Electronics Lab I', '<p>Verification of KVL &amp; KCL, Thevenin&rsquo;s theorems- proof and application,&nbsp; Y-D and D-Y transfer and application,&nbsp; Introduction to CRO (cathode ray oscilloscope) and properties of RC circuits, Passive filter circuits &ndash; Low pass filter, Characteristics of diodes, Half wave and full wave rectifier circuits, Clipping and Clamping circuits, Common Emitter (CE) configuration and its characteristics, NOT, AND, OR gate implementation using BJT&nbsp;&nbsp; Prerequisite: EEE 111</p>', 1, 3, 0, 1),
(214, 'EEE311', 'Communication Electronics', '<p>Design methods to fix gain and bandwidth specifications in amplifiers are presented. Design use of feedback techniques is presented. Properties and design application of operational amplifiers are studied. Emphasis is given on electronic circuitry used in communication engineering. This course has mandatory laboratory sessions every week.&nbsp; Prerequisite: EEE 111, EEE 211.&nbsp;</p>', 1, 3, 0, 1),
(215, 'EEE312', 'Power Electronics', '<p>This introductory course will give an overview of the major aspects of power electronics. Emphasis will be given on basic theoretical methods of calculation and design of important power electronic circuits such as: ac to dc uncontrolled and controlled rectifiers, ac voltage controllers, dc-dc converters, dc to ac inverters and power supplies. The course will also cover power semiconductor devices and wide application aspects of power electronic circuits using diodes, SCR, GTO, BJT, MOSFET, IGBT, rectifiers and switching circuits. Application in electronic power processing and control as applied to industrial drives, transportation systems and computer systems, Harmonics and power factor, power supplies with unity power factor. Prerequisite: EEE 211, MAT 350</p>', 1, 3, 0, 1),
(216, 'EEE321', 'Introduction to Communication Systems', '<p>An introduction to the basic signal processing operations in communications systems, frequency and time domain signals and system representation, analog modulation (AM and FM), digital modulation, noise in communication systems. Overview of current communication systems such as the public-switched telephone network, radio and TV broadcasting, cellular and cordless telephones, satellite communications and paging. Prerequisite: EEE 221, EEE 361&nbsp;</p>', 1, 3, 0, 1),
(217, 'EEE321L', 'Introduction to Communications Systems–Lab', '<p><strong>I</strong>nvestigation of different analog modulation techniques: Amplitude Modulation, Investigation of different analog modulation techniques: Frequency Modulation, Design of different transmitters and receivers: AM, Design of different transmitters and receivers: FM, Use of Phase Locked Loop (PLL) as a demodulator, Experiments on different Pulse Modulation techniques: Pulse Amplitude Modulation (PAM), Experiments on different Pulse Modulation techniques: Pulse Position Modulation (PPM), Experiments on different Pulse modulation techniques:&nbsp; Pulse Width Modulation (PWM), Experiments on different Pulse Modulation techniques:&nbsp; Pulse Code Modulation (PCM), Experiments on Delta Modulation technique, Use of technical computing applications for communication systems (MATLAB and SIMULINK)</p>', 1, 3, 0, 1),
(218, 'EEE331', 'Data Communications and Computer Networks', '<p>Introduction to International Standards Organization open System Interconnection (ISO-OSI) reference model, design issues and protocols in the physical layer, data link layer and network layer; architectures and control algorithms of local area networks, point-to-point networks and satellite networks; standards in network access protocols; models of network interconnection, and overview of networking and communication software. Prerequisite: EEE 321</p>', 1, 3, 0, 1),
(219, 'EEE331L ', 'Data Communications and Computer Networks – Lab', '<p>The objective of the Networking Lab is to help students learn about the hardware, software, and configuration procedures of a router, and the associated protocols of networking and inter-networking. Laboratory exercises include the design and implementation of projects such as simulation of the network/transport layer functions, routing, an Ethernet controller, and applications using TCP/IP or UDP. Detail of the lab topics are : (a) Guided Media: hands on presentation of different types of guided communication link (coaxial cable, twisted pair, fiber optics etc.). Agreement of twisted pair with RJ-45 and Network Interface Card. (b) Network Equipments: hands on presentation of different network connecting equipments like BNC-T connector, terminator etc. and nodes like Hub, Router, Switch etc. (c) Client Server Programming: Iterative and concurrent client server programming for TCP and UDP using C/C++/Java. (d) Network Configuration: detail about MAC address, IP address, Classful addressing, Classless addressing, subnetting, supernetting, masking, subnet masking, Dynamic address configuration etc. (e) Network Application: Domain Name System (DNS), Simple Mail Transfer Protocol (SMTP), IMAP4, Post Office Protocol (POP3), File Transfer Protocol (FTP) etc.&nbsp;</p>', 1, 0, 0, 1),
(220, 'EEE332L', 'Microprocessors and Interfacing Lab', '<p>Measurements of Parameters of principal transducers and sensors. Design of Analog-to &ndash;Digital and Digital-to-Analog circuits. Design of General Interfacing circuits. Analog and Digital Data Acquisition Systems (DAS), Signal Conditioning. Applications of Industrial transducers, Differential transformers, Servo Systems and control transformers. Microprocessor peripheral chips, such as programmable peripheral Interface (PPI), Universal Synchronous Asynchronous Receiver Transmitter (USART), Interrupt and DMA Controller, Display Controller etc and their applications. Digital and Computer Controls, IEEE-488 and RS-232 buses and their uses, GPIB Cards. Handshake signals, Embedded systems and design and uses of Microcontrollers</p>', 1, 0, 0, 1),
(221, 'EEE334', 'Internet and Web Technology', '<p>The Internet, Introduction to Creating Web Pages, web designing concepts, HTTP protocol, Hypertext Markup Language (HTML), Server Side Includes (SSI), Cascading Style Sheets (CSS), Adding Advanced Content to Web Pages, Introducing Perl and CGI, Creating HTML Forms with Perl and CGI, Add Java Applets, Add JavaScript, Java Servelet, Java Server Pages (JSP), Publish Web Pages, JavaScript, Active Server Pages (ASP), Server Side Scripting with PHP. Development of Dynamic Web Pages using ASP/PHP/JSP with Back End Database (MS SQL Server/Access). Prerequisite: EEE 331</p>', 1, 3, 0, 1),
(222, 'EEE336', 'Computer Architecture and Organization', '<p>Computer system analysis and design. Performance and cost, instruction set architecture, processor implementation techniques, pipelining, vector processors, memory hierarchy design, and input/output.&nbsp; Prerequisite: EEE 211.</p>', 1, 3, 0, 1),
(223, 'EEE336L', 'Computer Architecture and Organization – Lab', '<p><strong>Lab 1:&nbsp;</strong>Design of a 2 bit Look-ahead Carry Generator,<strong>&nbsp;Lab 2:&nbsp;</strong>Design of a 4 bit Shifter Unit,<strong>&nbsp;Lab 3:&nbsp;</strong>Design of a 2 bit Logic Unit,&nbsp;<strong>Lab 4:&nbsp;</strong>Design of a 2 bit Arithmetic Unit,<strong>&nbsp;Lab 5:&nbsp;</strong>Combining the experiments of Lab 2,<strong>&nbsp;Lab 3 and Lab 4:&nbsp;</strong>to construct a 2-bit ALU,&nbsp;<strong>Lab 6:&nbsp;</strong>Design of a 4 bit Incrementer/Decrementer/Two&rsquo;s Complementer using JK/D flip-flops,<strong>&nbsp;Lab 7:</strong>&nbsp;Design of synchronous up/down counter with parallel load,&nbsp;<strong>Lab 8:&nbsp;</strong>Design of a Universal Shift Register,&nbsp;<strong>Lab 9:&nbsp;</strong>Design of a Serial Adder</p>', 1, 0, 0, 1),
(224, 'EEE337', 'Database Management Systems', '<p>examines the logical organization of databases: the entity-relationship model; the hierarchical, network, and relational data models and their languages.&nbsp; Functional dependencies and normal forms.&nbsp; Design, implementation, and optimization of query languages; security and integrity; concurrency control, and distributed database systems. Prerequisites: EEE132, or consent of the instructor.</p>', 1, 3, 0, 1),
(225, 'EEE342L', 'Control Engineering- Lab', '<p>Introduction , Feedback Control Systems: Open loop v closed loop, Stability, Sensitivity, Disturbance rejection, Transient response, Steady state error, Root Locus Analysis, Frequency Response: Bode Plots, Gain and Phase Margin, Bandwidth, Stability in the frequency Domain: Nyquist Stability Criterion</p>\r\n<p>Gain and Phase Margin, Controller Design: Common control methodologies, PI, PD and PID,&nbsp;&nbsp; Compensators, Phase Lead and Lead-Lag, Introduction to Digital Control: Sampling, zero-order hold, the Z transform, Stability in the Z domain, Digital PID.</p>', 1, 0, 0, 1),
(226, 'EEE361 ', 'Theory of Electromagnetic Fields', '<p>Stationary Electric and Magnetic Fields, Maxwell''s Equations, The Electromagnetics of Circuits, Transmission Lines, Plane-Wave Propagation and Reflection, Two and Three-Dimensional Boundary Value Problems, Waveguides, Resonators, Microwave Networks, Radiation, Electromagnetic Properties of Materials, Optics. Prerequisite: PHY 108, MAT 350.&nbsp;&nbsp;</p>', 1, 3, 0, 1),
(227, 'EEE362 ', 'Electrical Transmission & Distribution Systems', '<p>Classification of transmission and distribution voltage levels, transmission line, sag, lightning, corona and reduction, transmission line resistance, calculation of inductance and capacitance, equivalent ckt of short and long line, power, voltage and power factor control, insulated cables, distribution systems, layout of substation, intro to harmonic generating devices, THD, harmonic reduction, high voltage DC transmission. Prerequisite: EEE 232; EEE363</p>', 1, 3, 0, 1),
(228, 'EEE363 ', 'Electrical Machines', '<p>Review of magnetic circuits, transformers: construction, operation, phasor diagram, efficiency, and regulation. 3 phase transformer, vector group, and parallel operation. Single-phase induction motor, DC generator, DC motor. Prerequisite: EEE 241, EEE280, EEE361.</p>', 1, 3, 0, 1),
(229, 'EEE363L', 'Electrical Machines – Lab', '<p>Open circuit characteristics of a separately excited dc shunt generator, Losses of a dc machine, To find the efficiency of a dc shunt generator, Speed control of a dc shunt motor, Starting and breaking of a dc motor, Test on a 1-? transformer and finding the regulation for various load, Parallel operation of two transformer and to observe how they share load, Determination of circuit parameters and performance characteristics of a 3-? induction motor, Measurement of sequence impedance&nbsp; and sub transient reactance for rotating machine, Study of a 1-? induction motor, Study of a universal motor, Plotting V-curve and phasor diagram for synchronous motor, Measuring synchronous generator model parameters, Phasor diagram of a synchronous generator, Parallel operation of alternator, Load sharing of two alternator and observe the effect of prime mover speed on load&nbsp; sharing, Torque measurement of a dc motor by electro dynamo meter.&nbsp;</p>', 1, 3, 0, 1),
(230, 'EEE411', 'Introduction to VLSI Design', '<p>Introduction to the design and layout of Very Large Scale Integrated Circuits (VLSI). Emphasis is placed on digital CMOS circuits. Static and dynamic properties of MOSFET devices, along with integrated circuit fabrication are examined. Computer-aided design tools are used to produce working integrated circuit designs. Students will also learn to use a hardware descriptive language (VHDL) in the digital design process. This course has mandatory laboratory sessions every week.&nbsp; Prerequisite: EEE 313.</p>', 1, 3, 0, 1),
(231, 'EEE411L', 'Introduction to VLSI Design-Lab', '<p>This is a hands-on lab course intended to expose EEE students to the Computer-Aided Design aspects of VLSI. As today&rsquo;s VLSI circuits are designed using powerful engineering application software, students in this course will develop the necessary skills to tackle real-world design environment. The selected areas will be covered: (a) Electronic analysis of CMOS circuits using circuit simulator such as SPICE or HSPICE, (b) Layout (physical) design of basic cells using layout editor such as Magic, (c) Design of a chip at the architecture level using VERILOG or VHDL hardware description language and simulating the architecture using VCS, VERILOG-XL, or MODELSIM, (d) Synthesis, Place and Route of the of the chip architecture into a physical design using software such as Design Compiler.</p>\r\n<p>During the first six weeks of the course students will be assigned to do individual lab experiments. For the second half of the semester (last six weeks) the students will work on projects</p>', 1, 0, 0, 1),
(232, 'EEE413L', 'Verilog HDL: Modeling, Simulation and Synthesis Lab', '<p>Demonstrate how to write Verilog HDL and its syntax, semantics and concurrency to capture various type of VLSI circuit. Show different type of HDL modeling such as gate level, data-flow modeling and behavioral and their timing and delays control.&nbsp; Write Verilog test-bench and simulate the design for functional and structural verification using Verilog simulator. Synthesize the Verilog design using Xilinx and Altera EDA tools targeting FPGA and CPLD hardware devices. 0</p>', 1, 0, 0, 1),
(233, 'EEE414', 'Advanced VLSI Chip Design Methodology and Optimization using HDL', '<p>This course discusses high-tech VLSI chip design area and a flourishing field within Electronic Design Automation. Course covers advanced VLSI chip design methodology which includes physical design, system partitioning, FPGA partitioning, partitioning methods, estimating ASIC size, floorplaning, placement, physical design flow, global routing, detailed routing, special routing, circuit extraction and DRC, scan-chain insertion, clock-tree routing and signal-net routing. The course introduces the systematic top-down design methodology to design complex digital hardware such as FPGA, EPLD and ASIC.&nbsp; Verilog Hardware Description Language and sophisticated EDA tools are utilized to elaborate the material covered throughout the course. Course projects of this course will lead to open research topics.&nbsp;</p>', 1, 3, 0, 1),
(234, 'EEE414L ', 'Advanced VLSI Chip Design Methodology and Optimization using HDL Lab', '<p>Provide hand-on training to teach student how to go through whole advanced chip design methodology that includes how to do VLSI design entry using HDL, then write test-bench and simulate and synthesize the design using EDA tools, then carry out design partitioning, floorplanning, placement and routing. Finally configure the FPGA or CPLD devices by downloading bitstream file of the design.</p>', 1, 3, 0, 1),
(235, 'EEE415 ', 'CMOS Analog Circuit Design', '<p>This course introduces the students to analog integrated circuit design techniques, beginning with a review of fundament device properties to complex multistage amplifier design. The goal of this course is to teach the basic techniques for the analysis and design of analog building blocks; i.e. amplifiers, current mirrors, comparators, cascade amplifiers, PLL etc., noise considerations, frequency response. By the end of the course the students will have designed and presented a complex analog circuit (e.g. An amplifier, a band-gap reference, etc) with specifications close to state of the art, on a commercial state of the art process. Prerequisite: EEE 313, EEE411.<strong>&nbsp;</strong></p>', 1, 3, 0, 1),
(236, 'EEE416 ', 'Integrated Circuit Process Integration', '<p>The course involves circuit design at the IC level; modern IC CAD software will be used in conjunction with the course. Integrated circuit (IC) implementation of RF circuits for wireless communications applications. Transceiver architectures for current wireless communications standards; active/pasive device technologies for RFIC implementations; low noise amplifiers; mixers; frequency sources; power amplifiers; single-chip radios; and RFIC packaging and testing. Electronic properties of semiconductors that are significant to device operation for integrated circuits. Silicon device fabrication technology. CMOS devices and deep sub-micron manufacturing technology. Modeling of interconnect wires. Optimization of designs with respect to a number of metrics: cost, reliability, performance, and power dissipation. Sequential circuits, timing considerations, and clocking approaches. Design of large system blocks, including arithmetic, interconnect, memories, and programmable logic arrays. Analysis and design of electronic circuits for communication systems, with an emphasis on integrated circuits for wireless communication systems. Analysis of distortion in amplifiers with application to radio receiver design. Power amplifier design with application to wireless radio transmitters. Class A, Class B, and Class C power amplifiers. Radio-frequency mixers, oscillators, phase-locked loops, modulators, and demodulators. Prerequisite: EEE 313.</p>', 1, 3, 0, 1),
(237, 'EEE418', 'Advanced VLSI Design', '<p>This course addresses advanced issues in VLSI design, covering the following topics: design methodologies and IP design, advanced logic circuit styles, noise sources and signal integrity in digital design, design techniques for dynamic and static power reduction, power supply issues, interconnect analysis, clocking and synchronization, process variation, and SOI design issues. Students are expected to complete a substantial design project as part of the course, which involves extensive use of CAD tools. Prerequisite: EEE 411.&nbsp;</p>', 1, 3, 0, 1),
(238, 'EEE419', 'Advanced IC Processing and Layout', '<p>Orientation, Process Flow, Experimental Design and Statistical Process, Control, Basic Optical Lithography, Electron-Beam, Ion-Beam Lithography, and X-Ray, Oxidation, Ion Implantation, Diffusion, Vacuum, Plasma, CVD Etching and Deposition, Multilevel Interconnect. Prerequisite: EEE 313.&nbsp;</p>', 1, 3, 0, 1),
(239, 'EEE424', 'Mobile and Wireless Communication System', '<p>Fundamental theory and design of high capacity wireless communications systems. This course will discuss cellular systems as well as high-speed wireless data communication systems. Topics include trunking, propagation, frequency reuse, modulation, source coding, error correction coding, multiple access schemes and equalization. Prerequisite: EEE 422.&nbsp;</p>', 1, 3, 0, 1),
(240, 'EEE424L ', 'Mobile and Wireless Communication System – Lab', '<p><strong>Lab 1:&nbsp;</strong>Introduction to MATLAB,&nbsp;<strong>Lab 2:&nbsp;</strong>Graphing Data with MATLAB,&nbsp;<strong>Lab 3:&nbsp;</strong>Wireless LAN I,&nbsp;<strong>Lab 4:&nbsp;</strong>Wireless LAN II,<strong>Lab 5:</strong>Cellular Telephone Trainer,&nbsp;<strong>Lab 6:</strong>Erlang B Chart using MATLAB,&nbsp;<strong>Lab 7:&nbsp;</strong>Simulink.</p>', 1, 3, 0, 1),
(241, 'EEE425 ', 'Opto-Electronic Engineering', '<p>Light-Emitting Diodes (LEDs): Light Radiation by a Semiconductor; Light Diodes (LDs): Principle of Action, Superluminescent Diodes (LDs), p-n Photodiodes, p-i-n Photodiodes, MSM Photodetectors, Semiconductor Optical Amplifiers, Erbium-Doped Fiber Amplifiers (EDFAs), Fused Biconical Taper Couplers, WDM MUX/DEMUX, Filters, Switches.</p>\r\n<p><strong> Prerequisite:</strong> EEE 313, EEE 361.</p>', 1, 3, 0, 1),
(242, 'EEE426', 'Fiber-Optic Communication)', '<p>Optical Fibers-Basics; Telecommunications and Fiber Optics; Optical Fiber Waveguides; Fabrication, Cabling, Installation; Light Sources, Transmitters and Receivers; Components of Fiber-Optic Networks; Passive Components, Switches, Transceivers, WDM and DWDM systems, SDH Systems, FDDI, and Functional Modules of Fiber-Optic Networks-Telephone and Computer Networks, Networks, Protocols, and Services, OSI, SONET, ATM Networks and Layers; Broadband Communication System, Submarine Cable Networks, Applications and Future Developments. Mandatory Lab. Prerequisite:&nbsp; EEE 423.&nbsp;</p>', 1, 3, 0, 1),
(243, 'EEE426L', 'Fiber-Optic Communication – Lab', '<p>Fiber preparation: cleaving, core inspection, multimode fiber coupling, NA measurement. Fiber attenuation measurements: spectral properties of fibers, mode scrambling, Single mode fibers: optimizing coupling efficiency, mode profiles of different single-mode fibers, Special components: GRIN lens properties, polarization preserving fibers, Semiconductor sources and detectors, LEDs, LDs, PINs, APDs, Ckts, Connectors and splices: alignment loss measurement, elastomeric splices, WDM techniques: holographic gratings, GRIN lens / filters, Fiber optic communication link: BW, power, and BW budget calculation, Fiber optic sensors: intensity, polarization.</p>', 1, 3, 0, 1),
(244, 'EEE427', 'Satellite Communication System', '<p>This course covers the most relevant aspects of satellite communications, with emphasis on the most recent applications and developments. The course covers the basic concepts of satellite communications, the orbital aspects, with emphasis on the geostationary orbit, Satellite subsystems, launching methods, and on-board processing. The design of a digital satellite link is discussed in detail, including link budgets, modulation, error control coding, baseband signaling theory, and multiple access methods.&nbsp; Frequency assignments and propagation aspects that affect the satellite link are then discussed.&nbsp; Antennas and earth station technology are presented, including the design of very small aperture terminals (VSATs).&nbsp; The course then covers non-geosynchronous orbits and their applications. Specific applications of satellites are also explored, including the global positioning system (GPS), satellites for mobile communication, and satellites for internet. Prerequisite: EEE 423.</p>', 1, 3, 0, 1),
(245, 'EEE451', 'Telecommunication Business and Management', '<p>Radio frequency management, allocation of spectrum, regulations for spectrum use, common carriers, Satellite and cables, competition and compliance, ITU, long term policy planning, functions and authority of Bangladesh Telecom Regulatory Commission (BTRC) and salient features of national ICT Policy 2002.&nbsp; Management and organization of electronics and telecommunications industry.</p>\r\n<p><strong>Prerequisite:</strong> EEE 481.&nbsp;</p>', 1, 3, 0, 1),
(246, 'EEE432', 'Neural Networks', '<p>Elementary Neurophysiology - Biological Neurons to Artificial&nbsp; Neurons. Adaline and the Medaline. Perceptron. Back propagation&nbsp; Network. Bidirectional Associative Memories. Hopfield Networks. Counter propagation&nbsp; Networks. Kohonen&rsquo;s Self Organizing&nbsp; Maps. Adaptive Resonance Theory. ART1 - ART2 - ART3. Boltzman Machines, Spatiotemporal Pattern Classifier, Neural Network models: Neocognitron , Application of Neural Networks to various disciplines.</p>\r\n<p><strong>Prerequisite:</strong> EEE 333.&nbsp;</p>', 1, 3, 0, 1),
(247, 'EEE435', 'Software Engineering', '<p>Follows the software life cycle from the requirement, specification, and design phases through the construction of actual software. Topics include management of programming teams, methodologies, debugging aids, documentation, evaluation and measurement of software, verification, and testing techniques, and the problems of maintenance, modification, and portability. Prerequisite: EEE132;</p>', 1, 3, 0, 1),
(248, 'EEE433 ', 'Pattern Recognition', '<p>Introduction: Basic concepts, Design concepts, Examples; Decision functions: Linear decision functions, Generalized decision functions; Pattern classification by distance functions: Minimum distance pattern classification, Cluster seeking; Pattern classification by likelihood functions: Bayes classifier; Structural pattern representation: Grammars for pattern representation, Picture description language and grammars, Stochastic grammars; Structural pattern recognition: String to string distance; Matching other structures: Relational structures, Graph matching, Matching by relaxation, Random graph. Prerequisite: EEE 333, MAT 361.<strong>&nbsp;</strong></p>', 1, 3, 0, 1),
(249, 'EEE434', 'Embedded System', '<p>Provides a detailed overview of the important topics in the field. Typical examples of embedded systems; real time and safety critical issues; constraint-driven design; systems integration; hardware-software partitioning and time-to-market considerations will be addressed. The subject will examine programmable devices, microcontrollers, application specific standard processors; importance of interrupts; reconfigurable logic; system-on-a-chip; finite state machines; dataflow architectures; and distributed embedded systems. Software for embedded systems, including: programming languages and software architectures; interrupt servicing; multi-tasking; task communications and scheduling; verification; hardware-software co-simulation; and real-time operating systems will be introduced.</p>\r\n<p><strong> Prerequisite:</strong> EEE 332.</p>', 1, 3, 0, 1),
(250, 'EEE436', 'Theory of Fuzzy Systems', '<p>Introduction to Neuro-Fuzzy and Soft Computing, Soft Computing and AI, Neural Networks, Fuzzy Set Theory, MF Formulation and Parameterization, Fuzzy Union, Intersection, and Complement, Fuzzy Rules and Fuzzy Reasoning, Fuzzy Inference Systems, Regression and Optimization, Supervised Learning Neural Networks, Neuro-Fuzzy Modeling, ANFIS, Neuro-Fuzzy Control, ANFIS Applications. &nbsp;Prerequisite: MAT 361.&nbsp;</p>', 1, 3, 0, 1),
(251, 'EEE452 ', 'Engineering Economics and Managements', '<p>Focuses on the key aspects of the modern telecommunications and IT sector management, e.g. services engineering, billing, HR, operations, maintenance, planning, customer relations, supply chain, changing technologies, regulation policies, solution engineering, outsourcing, strategy development.&nbsp;</p>', 1, 3, 0, 1),
(252, 'EEE461', 'Power System Operation & Reliability', '<p>Automatic generation control: Isolated state two areas. Voltage control. Basic probability theory. Introduction to contingency evaluation and security assessment. Reliability concepts: General reliability functions, exponential distribution, MTTF, series parallel systems, Markov''s process. Generation model. Load model. Reliability evaluation of a power system: LOLP, LOEP.</p>', 1, 3, 0, 1),
(253, 'EEE471', 'Digital Signal Processing(DSP)', '<p>Discrete-time signals and systems, impulse response, correlation and convolution, discrete-time Fourier series (DTFS), discrete-time Fourier transform (DTFT), discrete Fourier transform (DFT) and their properties, fast Fourier transform (FFT). Z transformation - properties, transfer function, and inverse Z transform. Digital Filters (Finite impulse response and Infinite impulse response filter) Finite impulse response (FIR) filters - linear phase filters, filter specifications, designing FIR filter using window, optimal and frequency sampling methods; Infinite impulse response (IIR) filters- specifications, designing IIR filters using impulse invariant.&nbsp;</p>', 1, 3, 0, 1),
(254, 'EEE472', 'Image Processing', '<p>Introduction; Point operations; Histograms; Spatial operations; Image filtering, Affine transformations; Image rectification; Interpolation and other transformations; Contrast enhancement; Convolution operation, Magnification and Zooming; Fourier transform; Edge detection; Boundary extraction and representation; Mathematical morphology.</p>\r\n<p><strong>Prerequisite:</strong> EEE 471.</p>', 1, 3, 0, 1),
(255, 'EEE499/498', ' Projects/Research/Internships', '<p>To be taken during the last semester as a full time project. The work can be full time research for 3 credits, or a combination of full time internship in the industry for 1 credit with a research report for 2 credits. Pre-requisite: Completion of total 123 credits.&nbsp;</p>', 1, 3, 0, 1),
(256, 'ECO101', 'Introduction to Microeconomics', '<p>&nbsp;This course is an introduction to the methods and principles of Economics with special emphasis on Microeconomics. Topics include economic way of thinking, evolution of the discipline of economics, demand, supply, market and its failures, consumer behavior, production theory, firms, cost and market structure. Aim of this course is to introduce the procedure how economically trained people think and some concepts related with Microeconomics.</p>', 3, 3, 0, 1),
(257, 'ECO104', ' Introduction to Macroeconomics', '<p><strong>&nbsp;</strong>This course introduces the principles of macroeconomic analysis, its analytical methods with current institutional and empirical issues. Topics include national income accounting; issues relating to unemployment, inflation; determination of output, price level, money and banking. It also gives an introductory account of the monetary and fiscal policies; budget and trade deficits; and exchange rate</p>', 3, 3, 0, 1),
(258, 'ECO173', 'Applied Statistics', '<p>Continuation of Economics 172. Emphasizes estimation and hypothesis testing for the linear statistical model; topics include contingency tables, goodness of fit, single and multiple regression; analysis of variance. Computer application is a compulsory component for the course ( Also cross listed as BUS 173 &amp; ENV 173).&nbsp;</p>\r\n<p><strong>Pre-requisite: ECO172.&nbsp; Software Requirement: MINITAB</strong></p>', 3, 3, 0, 1),
(259, 'ECO203', 'Intermediate Microeconomic Theory-I.', '<p>Theory of choice and its application to consumer and producer behavior; theory of production and cost; output and input markets; their structure, equilibrium and efficiency; introduction to general equilibrium analysis.&nbsp;</p>\r\n<p><strong>Pre-requisite : ECO101, ECO 134.</strong></p>', 3, 3, 0, 1),
(260, 'ECO204', 'Intermediate Macroeconomic Theory-I', '<p>This course introduces the mainstream models in modern macroeconomics-classical models, Keynesian model - consumption and investment analysis; IS-LM models of closed and open economies dealing with unemployment, inflation and interest rates - it also provides detailed analysis of the effects of monetary and fiscal policies.</p>\r\n<p><strong>Pre-requisite: ECO104.</strong></p>', 3, 3, 0, 1),
(261, 'ECO244 ', 'Applied  Mathematics-II. ', '<p>This course discusses application of some of the intermediate level mathematical principles in Business and Economics. Topics include Optimization, Transcendental functions, Constrained optimization, Integration, Differential and Difference equation, Financial mathematics, Linear programming and their related application in Economics and Business. Aim of this course is to introduce some intermediate level mathematical concepts to understand their applications.&nbsp;</p>\r\n<p><strong>Prerequisite: ECO 134,</strong></p>', 3, 3, 0, 1),
(262, 'ECO253', ' Economic Development in Asia.', '<p>Background and analysis of plans and progress toward economic development in Asia; their trends in development; economic characteristics of the area and their significance for economic development.</p>\r\n<p><strong>Pre-requisite : ECO101 and ECO104.</strong></p>', 3, 3, 0, 1),
(263, 'ECO255 ', 'Comparative Economic Systems', '<p>Definition and characteristics of economic systems; assessment of economic systems; analyzes the basic features and significant similarities and differences in the development, structure, and policies of capitalist, communist, market socialist and Islamic economic systems.&nbsp;</p>\r\n<p><strong>Pre-requisite : ECO203 and ECO204.</strong></p>', 3, 3, 0, 1),
(264, 'ECO260', 'Introduction to Environmental & Natural Resource Economics', '<p>This is aimed at exploring and examining human relationship with the environment with special emphasis on Bangladesh. The course surveys the economic, cultural, social, and political aspects of human population dynamics, food resources and hunger, mineral and energy resources, air, land, and water pollution, wilderness and wildlife resources, urban and rural land usage, toxic waste management from environmental and conservation viewpoints. The course makes recommendations and probes possible solutions to contemporary resource and environmental problems of Bangladesh. Current issues important to the environment are stressed in class projects.&nbsp;</p>\r\n<p><strong>Pre-requisite : ECO101.</strong></p>', 3, 3, 0, 1),
(265, 'ECO303', 'Intermediate Microeconomics Theory-II', '<p>Further topic in the theory of consumer and producer behavior; externalities; game theory; economics of information and uncertainty; general equilibrium; welfare economics and applications.&nbsp;</p>\r\n<p><strong>Pre-requisite : </strong>ECO203, ECO 244.<strong>&nbsp;</strong></p>', 3, 3, 0, 1),
(266, 'ECO304', ' Intermediate Macroeconomic Theory-II.', '<p>&nbsp; <strong>&nbsp;</strong>This course covers topics in macro theory. Topics include neo-classical models, rational expectations models of macro economic analysis including wage theories, basic growth theory, introduction to computable general equilibrium and other topics.&nbsp;</p>\r\n<p><strong>Pre-requisite: </strong>ECO 134, ECO 204.</p>', 3, 3, 0, 1),
(267, 'ECO309', 'Urban Economics', '<p>This course explains urban economics that is location choice of firms and&nbsp; households. This further discusses the changes in the size of the cities and towns, the relationships between economics development and urbanization and the consequences of rapid urbanization especially in developing countries, such as poverty, infrastructure, pollution, growth of slums and ghettos, congestion, etc. This course further discusses the spatial structure and economic structure&nbsp; of the urban areas and its influences on employment and housing. It further deals different aspects of urban government fiscal system including the economies of intergovernmental grants.&nbsp;&nbsp;</p>\r\n<p><strong>Pre-requisite: </strong>ECO 101, ECO 104.</p>', 3, 3, 0, 1);
INSERT INTO `courses` (`course_id`, `initial`, `title`, `description`, `department_id`, `credit_no`, `semester_id`, `is_active`) VALUES
(268, 'ECO315', 'Agricultural Economics.', '<p>Introduction of agriculture as an industry; economies of agricultural production; farm management; land economics; rural organization; agricultural credit and finance; agricultural law; agricultural marketing; agrarian reform; agricultural policy; agricultural prices; structure and scope of Bangladesh agricultural sector.&nbsp;</p>\r\n<p><strong>Pre-requisite : </strong>ECO 101.</p>', 3, 3, 0, 1),
(269, 'ECO317', 'Money, Banking, and Financial Markets.', '<p>The structure and activity of the financial sector of the economy; role of money in the economy especially its impact on output, employment, and prices; types of financial assets and their uses; interest rates; role played by financial intermediaries; interest-free and new concepts in banking; review of the financial sector of Bangladesh.</p>\r\n<p>&nbsp;<strong>Pre requisite: </strong>ECO 101 and ECO 104. Equivalent to FIN 258.&nbsp;</p>', 3, 3, 0, 1),
(270, 'ECO328', ' International Trade Theory and Policy. T', '<p>The Law of Comparative Advantage; International Equilibrium with Increasing Costs and offer curve; The Heckscher-Ohlin Model; Alternative Trade Theories and Empirical Testing; The Theory of Tariffs; Instruments of Commercial Policy; Effective Rate of Protection; Theory of Customs Union with special emphasis on SAARC.&nbsp;</p>\r\n<p><strong>Pre-requisite:</strong> ECO 101.&nbsp;</p>', 3, 3, 0, 1),
(271, 'ECO341', 'Economics of Labor and Labor Markets', '<p>Economics of manpower (human resource) development, economics of labor management, labor organization and regulations. Contents include composition and structure of labor force, determinants of labor market - demand, supply and development, wage determination-application of macroeconomic theory; unionism: collective choice, types of trade unions, growth of unions, structure of collective bargaining, strikes, effects on relative wages, unions and inflation, unions and politics.&nbsp;</p>\r\n<p><strong>Pre-requisite: </strong>ECO 203.<strong>&nbsp;</strong></p>', 3, 3, 0, 1),
(272, 'ECO343', 'Health Economics', '<p>The purpose of this course is to provide an introduction to the principal questions addressed in the context of health economics literature, and to equip students with the basic tools to undertake health policy analysis and research. Major topics include the demand and supply of health and health care services; information asymmetry as it impinges on the contractual arrangements among consumers, insurers and providers; efficient use of health care resources; measurement of health and economic evaluation using cost-effectiveness and cost-utility analysis. Other topics may include assessment of medical technology and policy issues and analyses in some developed as well as developing countries.&nbsp;</p>\r\n<p><strong>Pre-requisite: </strong>ECO 203.&nbsp;</p>', 3, 3, 0, 1),
(273, 'ECO350', 'Development Economics.', '<p>This course is based on the role of public policy in economic development and the political context in which policy decisions are taken. Topics covered include: a historical perspective on the evolution of development economics as an academic discipline; the international dimensions of development; macroeconomic stabilization; financial systems; agriculture and the microeconomics of rural organizations; labor markets and human resource development; environmental degradation; the notion of &lsquo;shared growth&rsquo; and the nexus between democratic governance and development. This course emphasizes a blend of theory and evidence-with the latter drawn primarily from the experience of Asian economies.&nbsp;</p>\r\n<p><strong>Pre-requisite</strong>:<strong>&nbsp;</strong>ECO 203 and ECO 204.</p>', 3, 3, 0, 1),
(274, 'ECO354', 'Environmental and Natural Resources Economics', '<p>Resource availability, environmental pollution and limits to growth. Theory of optimal use and depletion of renewable, non-renewable and recyclable resources in the context of water, forest, fisheries, and mineral resources. Theory of&nbsp; property rights regimes such as public, private and common property ownership into resource management. Market failure, externality and economics of pollution control. Economics of regional and global pollution. Pollution control policies and their implications for efficiency, equity and growth.</p>\r\n<p>&nbsp;<strong>Pre-requisite: </strong>ECO 260 ( Also cross listed with ENV354 )</p>', 3, 3, 0, 1),
(275, 'ECO360', 'Regional Economics', '<p>Survey of the theory and problems of regional economic development including regional accounts, interregional income and trade theory, principles of the location of economic activity, theories of regional growth and public policy for development of regions.<strong>&nbsp;</strong></p>\r\n<p><strong>Pre-requisite : </strong>ECO 101 and ECO 328.</p>', 3, 3, 0, 1),
(276, 'ECO372', 'Introductions to Econometrics', '<p>It deals with econometric models for estimation of single equation, models; assumptions of the OLS estimation technique and the failures; econometric models with heteroscedasticity, autocorrelations, multicollinearity; dummy variables; specification errors; lagged variables; sufficient statistical and computers skills is useful for conducting econometric analysis of business and economic problems.&nbsp;</p>\r\n<p><strong>Pre-requisite:</strong> ECO 173, ECO 244. Software Requirement: STATA.</p>', 3, 3, 0, 1),
(277, 'ECO380', 'Industrial Organizations.', '<p>Theory of organization of markets and firms; behavior of firms; functioning of competitive systems and performance of markets; building on microeconomic theory for further investigation of theoretical framework and empirical aspects of oligopolistic and monopolistically competitive market structures.&nbsp;</p>\r\n<p><strong>Pre-requisite :</strong> ECO 203.</p>', 3, 3, 0, 1),
(278, 'ECO388 ', 'Law and Economics', '<p>Applications of economic theory to problems and issues in both civil and criminal law and the effect of legal rules on the allocation of resources, includes property rights, liability and negligence assignment, the use of administrative and common law to mitigate market failure, and the logic of private versus public law enforcement.</p>\r\n<p><strong>&nbsp;Pre-requisite: </strong>ECO 203 and ECO 204.</p>', 3, 3, 0, 1),
(279, 'ECO399 ', 'Foreign Trade of Bangladesh', '<p>Analysis of the current status of balance of payment of Bangladesh. Role of trade policy in the economic development of Bangladesh. Trade vs. Aid as a means for financing the development of Bangladesh. Role of World Bank, IMF, and WTO in affecting the Balance of Payment of Bangladesh with special reference to Uruguay Round of GATT and Structural Adjustment Program of World Bank and IMF.&nbsp;</p>\r\n<p><strong>Pre-requisite: </strong>ECO 101 and ECO 104. (For non-economics students only).</p>', 3, 3, 0, 1),
(280, 'ECO406', 'History of Economic Thought', '<p>It covers the contributions of the major economic theorists including Muslim thinkers &amp; philosophers: from the pre-classical to present day with an eye toward their theories of value and distribution; the impact of their economic ideas on national economic policy; examines the economic philosophy of Islam.&nbsp;</p>\r\n<p><strong>Pre-requisite:</strong>&nbsp;ECO 303 and ECO 304.</p>', 3, 3, 0, 1),
(281, 'ECO417', 'Financial Economics.', '<p>This course addresses the basic issues of Financial Economics. In this course, rudiments of inter temporal choice theory and financial markets are discussed. It includes Expected utility theorem, Choice under uncertainty, Term structure of interest rate, Pure exchange economies, Risk, Arbitrage, Law of one price, Capital Asset Pricing Model (CAPM), Arbitrage Pricing Theory, Equilibrium of financial markets and Efficient market hypothesis. The course also discusses few basic types of financial assets and their valuation techniques, which includes bonds, equities and different types of financial derivatives. The aim of this course is to give students better understandings of financial market and enable them with better tools to analyze them.&nbsp;</p>\r\n<p><strong>Prerequisite: </strong>ECO 317, ECO 244.</p>', 3, 3, 0, 1),
(282, 'ECO430', 'International Finance', '<p>Studies the workings of foreign exchange markets and different partial equilibrium theories of exchange rate determination, such as the interest rate parity theory, the purchasing power parity theory, and general equilibrium models of the determination of real and nominal exchange rates, balance of payment economies and accounting, the role of stabilization policies in open economies, the role of international financial institutions in developed and developing economies; and Financial Crisis.&nbsp;</p>\r\n<p><strong>Pre-requisite : </strong>ECO 204.<strong>&nbsp;</strong></p>', 3, 3, 0, 1),
(283, 'ECO435', 'Trade, Technology Transfer, and  Environment ', '<p>The choice of technology and technology transfer from advanced countries to less advanced countries and their environmental implications; the roles of&nbsp; multinational corporations in technology transfer&nbsp; process and the relevant effects on the environment of the host country; meeting environmental challenges through appropriate technological applications; creation of an enabling environment for the development of environmentally friendly technology ; applications of technology in water, air and soil management etc.&nbsp;</p>\r\n<p><strong>Pre-requisite : </strong>ECO 260 ( Also cross listed with ENV406 )</p>', 3, 3, 0, 1),
(284, 'ECO436', 'The WTO and Globalization', '<p>Trade Liberalization, Globalization and Growth; Historical evolution of the multilateral trading system; the WTO: introductory issues; Market Access Issues; Agreement on Textiles and Clothing: background and implementation issues; Agriculture in Multilateral Trade Negotiations; Anti-dumping, Subsidies, Safeguards; Product standards and trade; Trade in Services; Trade-related Intellectual Property Rights; Trade-related Investment Measures; Labor and Environmental Standards; Dispute Settlement in the WTO; Special and Differential Treatment for Developing Countries &amp; LDCs; Trade Facilitation and Government Procurement; WTO and Bangladesh.&nbsp;&nbsp;</p>\r\n<p><strong>Pre-requisite : </strong>ECO 328/INB 350 ( Also cross listed with INB 436 )&nbsp;</p>', 3, 3, 0, 1),
(285, 'ECO450 ', 'Selected Topics in Growth and Development', '<p>This course offers an analytical exposition of selected topics in the theory of economic growth and explores their relevance to developing economies. In particular, some emphasis is placed on &lsquo;new&rsquo; growth theories, the way they differ from previous and related contributions in the field, and the extent to which they allow one to identify the dynamics of affluence and poverty across nations. Seminal contributions (e.g. Barro, Romer, Lucas) in the field are highlighted and discussed in some depth. The course emphasizes a blend of theory and evidence with the latter drawn from a large sample of developing economics.&nbsp;</p>\r\n<p><strong>Pre-requisite : </strong>ECO 303; ECO 304; and ECO 350.&nbsp;</p>', 3, 3, 0, 1),
(286, 'ECO451', 'Welfare Economics.', '<p>Topics include the distinction between normative and positive economics; the first and second fundamental theorem of welfare economics; Hicks-Kaldor-Scitovsky compensation criteria; consumer and producer surplus for measuring welfare change; market failure; theory of second best and its implications for policy reforms; importance of property rights and Coase theorem; cost-benefit analysis; distribution of income; relationship between entitlement and welfare; the extent of inequality in Bangladesh.&nbsp;</p>\r\n<p><strong>Pre-requisite: </strong>ECO 303, ECO 304.</p>', 3, 3, 0, 1),
(287, 'ECO455 ', 'Economic Research.', '<p>Topics include purpose of scientific research; features &amp; scopes and limitations of research; classification of scientific research; techniques of data collection and selection; various biases in data collection; preparation and presentation of independent seminar paper<strong>. 4 credits&nbsp;</strong>(3 credits for paper and 1 credit for theory).</p>', 3, 4, 0, 1),
(288, 'ECO472', ' Economics and Business Forecasting', '<p align="left">This course is designed for the students of economics and business majors who want to apply the knowledge of applied statistics in forecasting economics and business data. The topics to be covered include elements of forecasting, six considerations in forecasting, graphics of forecasting, forecasting trend, seasonality, and cycles, MA, AR, and ARMA models, forecasting with regression models, evaluating and combining forecasts, unit roots, stochastic trends, ARIMA forecasting models, and smoothing, data mining, forecasting with macroeconomic data from Bangladesh Economy. Prerequisite: ECO 372; Software Requirement: E-Views.&nbsp;</p>', 3, 3, 0, 1),
(289, 'ECO474', 'Mathematical Economics.', '<p>This course discusses some of the advanced topics of Mathematics in Economics. Topics include Trigonometric functions, Complex analysis, Linear programming, Introduction to mathematical spaces, real analysis, Non linear programming, Fixed point theorem, Envelope theorem, Implicit function theorem and their application to Economics. The aim of this course is to prepare students for higher studies in the field of Economics and Finance.&nbsp;</p>\r\n<p><strong>Prerequisite: </strong>ECO 244<strong>.</strong></p>', 3, 3, 0, 1),
(290, 'ECO475', 'Game Theory with Applications in Economics', '<p>This course deals with the strategic interaction of economic agents. It focuses on economic modeling of strategic choices in a variety of situations such as firms in an oligopolistic industry choosing price or quantity, collusive agreements and the incentive to cheat, inflation and unemployment, tariffs and international competition, etc. Topics include zero sum games, variable sum games, solution concepts, Nash equilibrium, pure and mixed strategies, repeated games, dominant strategies, sequential games, sub game perfection, and games with incomplete information.</p>\r\n<p><strong>Pre-requisite : </strong>ECO 101, ECO 104 and ECO 203.</p>', 3, 3, 0, 1),
(291, 'ECO482', 'Model Building in Economics', '<p>The course will be divided into three segments : theoretical framework followed by mathematical modeling applications; stochastic modeling followed by statistical simulation models, time-series and mathematical programming models; finally, multi-sectoral models as applied in Five-Year plan in Bangladesh and other developmental planning models.</p>', 3, 3, 0, 1),
(292, 'ECO484', 'Project Analysis and Evaluation.', '<p>This course deals with project choice, institutional framework, and cost-benefit analysis. It also covers measuring the profitability of a project under different goals - framework of project proposal - logical framework analysis - project monitoring with special reference to project proposal system used in Bangladesh.&nbsp;</p>\r\n<p><strong>Pre-requisite : </strong>ECO 101 and ECO 104</p>', 3, 3, 0, 1),
(293, 'ECO485', 'Mathematical Programming', '<p>This course deals with mathematical programming models ( linear and non-linear models ) used in farms, sectors and in policy analysis and I-O models. Techniques include linear programming, non-linear programming, multiple goals model and risk models. Students will be needed to use computers to build and solve models as a part of the requirements.</p>\r\n<p><strong>Pre-requisite : </strong>ECO 244.</p>', 3, 3, 0, 1),
(294, 'ECO486  ', 'Energy Economics and Policy', '<p>Dimensions of the energy problems, static and dynamic criteria for efficient energy resource allocation; OPEC countries; environmental issues in energy development; price control; optimum regulation structure; national security dilemma; conservation; future policy directions.&nbsp;</p>\r\n<p><strong>Pre-requisite :</strong>&nbsp;ECO 204 . ( Also cross listed with ENV 421 )</p>', 3, 3, 0, 1);

-- --------------------------------------------------------

--
-- Table structure for table `course_enrole`
--

CREATE TABLE IF NOT EXISTS `course_enrole` (
  `enrole_id` bigint(20) NOT NULL AUTO_INCREMENT,
  `student_id` int(11) NOT NULL,
  `semester_course_id` int(11) NOT NULL,
  `approval` tinyint(4) NOT NULL DEFAULT '0' COMMENT '0=pending,1=approved',
  `is_active` tinyint(4) NOT NULL DEFAULT '1',
  PRIMARY KEY (`enrole_id`)
) ENGINE=InnoDB  DEFAULT CHARSET=latin1 AUTO_INCREMENT=20 ;

--
-- Dumping data for table `course_enrole`
--

INSERT INTO `course_enrole` (`enrole_id`, `student_id`, `semester_course_id`, `approval`, `is_active`) VALUES
(15, 2, 1, 1, 1),
(16, 2, 4, 1, 1),
(17, 21, 2, 1, 1),
(18, 21, 1, 0, 1),
(19, 21, 3, 0, 1);

-- --------------------------------------------------------

--
-- Table structure for table `degree_majors`
--

CREATE TABLE IF NOT EXISTS `degree_majors` (
  `major_id` int(11) NOT NULL AUTO_INCREMENT,
  `name` varchar(255) NOT NULL,
  `initial` varchar(100) DEFAULT NULL,
  `department_id` int(11) NOT NULL,
  `is_active` tinyint(1) NOT NULL DEFAULT '1',
  PRIMARY KEY (`major_id`)
) ENGINE=InnoDB  DEFAULT CHARSET=latin1 AUTO_INCREMENT=7 ;

--
-- Dumping data for table `degree_majors`
--

INSERT INTO `degree_majors` (`major_id`, `name`, `initial`, `department_id`, `is_active`) VALUES
(1, 'Computer Science', 'CSC', 1, 1),
(2, 'Computer Engineering', 'CEG', 1, 1),
(3, 'Electrical Engineering', 'EEE', 1, 1),
(4, 'Electrical Engineering & Telecommunication', 'ETE', 1, 1),
(5, 'Finance', 'FIN', 2, 1),
(6, 'Human Resource Management', 'HRM', 2, 1);

-- --------------------------------------------------------

--
-- Table structure for table `departments`
--

CREATE TABLE IF NOT EXISTS `departments` (
  `department_id` int(11) NOT NULL AUTO_INCREMENT,
  `name` varchar(255) NOT NULL,
  `initial` varchar(50) NOT NULL,
  `phone` varchar(50) NOT NULL,
  `director_name` varchar(255) NOT NULL,
  `parent_school` varchar(150) NOT NULL,
  `location` varchar(255) NOT NULL,
  `session_id` int(11) NOT NULL,
  `is_active` tinyint(1) NOT NULL DEFAULT '1',
  PRIMARY KEY (`department_id`)
) ENGINE=InnoDB  DEFAULT CHARSET=latin1 AUTO_INCREMENT=16 ;

--
-- Dumping data for table `departments`
--

INSERT INTO `departments` (`department_id`, `name`, `initial`, `phone`, `director_name`, `parent_school`, `location`, `session_id`, `is_active`) VALUES
(1, 'Electrical Engineering & Computer Science', 'EECS', '8852000 Ext 1530', 'Mr. Salam', 'School of Applied Science', 'SAC 9th & 10th Floor', 132, 1),
(2, 'Bachelor of Business Administration', 'BBA', '+8802-8852000 ext 1764', 'Mr. Zashim Uddin Ahmed', 'School of Business', 'NAC, 6th Floor.', 132, 1),
(3, 'Department of Economics', 'Economics', '111111111111', 'Prof. M. Ismail Hossain', 'School of Business', 'NAC, 8th Floor', 0, 1),
(4, 'Department of Pharmaceutical Sciences', 'Pharmacy', '4444444444444', 'Assistant Prof. Preeti Jain ', 'School of Health & Life Sciences', 'SAC, 7th Floor', 0, 1),
(5, 'Department of English & Modern Languages', 'English', '55555555555', 'M. Shahedul Haque ', 'School of Humanities & Social Sciences', 'NAC, 6th Floor', 0, 1),
(6, 'Department of Public Health', 'Public Health', '2222222222', 'Prof. G. U Ahsan', 'School of Health & Life Sciences', 'SAC, 7th Floor', 0, 1),
(7, 'Department of Management', 'Management', '222222222', 'Assoc. Prof. Jashim Uddin Ahmed', 'School of Business', 'SAC, 7th Floor', 0, 1),
(8, 'Department of Marketing & International Business', 'Marketing', '55555555', 'Assistant Prof. Tamgid Ahmed Chowdhury', 'School of Business', 'SAC, 7th Floor', 0, 1),
(9, 'Department of Architecture', 'Architecture', '4444444444444', 'Assistant Prof. Mujtaba Ahsan', 'School of Applied Science 	', 'SAC, 9th Floor', 0, 1),
(10, 'Department of Environmental Science and Management', 'Environment', '33333333333333', 'Assoc. Prof. Hassan Mahmud ', 'School of Health & Life Sciences', 'SAC, 7th Floor', 0, 1),
(11, 'Department of Civil and Environmental Engineering', 'Civil Engineering', '7777777777', 'Assoc. Prof. Md. Sirajul Islam', 'School of Applied Science', 'SAC, 7th Floor', 0, 1),
(12, 'Department of Accounting & Finance', 'Accounting & Finance', '444444444444', 'Assistant. Prof. Mohammad Alamgir Hossain', 'School of Business', 'NAC, Floor', 0, 1),
(14, 'Department of Political Science & Sociology', 'Political Science & Sociology', '7777777777', 'Prof. Abdur Rob Khan ', 'School of Humanities and Social Science', 'NAC, Floor', 0, 1),
(15, 'Department of Biology & Chemistry', 'Biology & Chemistry', '7777777777', 'Kolium Dakum', 'School of Health and Life Science', 'SAC, 7th Floor', 0, 1);

-- --------------------------------------------------------

--
-- Table structure for table `emails`
--

CREATE TABLE IF NOT EXISTS `emails` (
  `email_id` int(10) unsigned NOT NULL AUTO_INCREMENT,
  `name` varchar(255) NOT NULL,
  `from_name` varchar(255) NOT NULL,
  `from` varchar(255) NOT NULL,
  `subject` varchar(255) NOT NULL,
  `content` text NOT NULL,
  `legend` text NOT NULL,
  PRIMARY KEY (`email_id`),
  KEY `name` (`name`)
) ENGINE=MyISAM  DEFAULT CHARSET=latin1 AUTO_INCREMENT=11 ;

--
-- Dumping data for table `emails`
--

INSERT INTO `emails` (`email_id`, `name`, `from_name`, `from`, `subject`, `content`, `legend`) VALUES
(1, 'admin_forgot_password', 'NSU360', 'noreply@nsu360.com', 'This is your new password', 'Your password has been reset.  Your new password is : {PASSWORD}\r\nIf you would like to reset your password, please log in and go to your Admin User account and reset your password. asd sad sad sadsd', '0'),
(2, 'contactus_admin_notification', 'NSU360', 'noreply@nsu360.com', 'New Contacts', 'You have new contacts to view and approve. Please check. Thank you.', ''),
(4, 'contactus_user_notification', 'NSU360', 'noreply@nsu360.com', 'New Contact : SENT', 'You have sent your new contact a welcome message. Click to view\n\nYour Message:\n{MESSAGE}', ''),
(5, 'User_confirmation', 'NSU360', 'noreply@nsu360.com', 'Welcome to Cgmbm', 'Thank you {first_name} {last_name} for registering to Burbio!\n\nYour login email : {email}\nI am adding some text to this blah blah blah\nThank you,\nBurbioTeam', '{first_name} first name of user\r\n{last_name} last name of user\r\n{email} email of user'),
(6, 'send_message_friend', 'NSU360', 'noreply@nsu360.com', 'Message form Cgmbm', '{MESSAGE}\r\n\r\nFind new courses - click below\r\n\r\n<a href="{LINK}" target="_blank">Activate Account Now</a>', '{MESSAGE}= message of user\r\n{LINK} = site url'),
(7, 'tell_a_friend', 'NSU360', 'noreply@nsu360.com', 'tell a friends', 'HEllo \nYour friend send information\n\n\nfrom\n{NAME}', '{NAME}'),
(8, 'User_forgot_password', 'NSU360', 'noreply@nsu360.com', 'This is your new password', 'Your password has been reset.  Your new password is : {PASSWORD} ;lskjhdf;kwEFVCA', '{password} new password'),
(9, 'Message_center_new_notification', 'NSU360', 'noreply@nsu360.com', 'You have received a new message', 'HEllo {NAME}\n\nYour have received a new message in your message center\n\nRegards,\nAdmin', ''),
(10, 'footer_student_signup_success', 'NSU360', 'noreply@nsu360.com', 'Student Registration Confirmation`', 'Thank you {FIRST_NAME} {LAST_NAME}, for registering to NSU360!\r\n\r\nYour login username : {USERNAME}\r\nPassword: {PASSWORD},\r\nActivation Key:{ACTIVATION_KEY}\r\n\r\nPlease click the following link and activate your account:\r\n\r\n{ACTIVATION_LINK}\r\n\r\nWe are happy to have you!\r\n\r\nWarm regards,\r\nNSU360 Admin', '');

-- --------------------------------------------------------

--
-- Table structure for table `exams`
--

CREATE TABLE IF NOT EXISTS `exams` (
  `exam_id` int(11) NOT NULL AUTO_INCREMENT,
  `semester_course_id` int(20) NOT NULL,
  `title` varchar(255) DEFAULT NULL,
  `description` varchar(255) DEFAULT NULL,
  `exam_mark` int(11) DEFAULT NULL,
  `weight` float DEFAULT NULL,
  `exam_date` int(11) DEFAULT NULL,
  `venue` varchar(100) DEFAULT 'TBA',
  `is_active` tinyint(1) DEFAULT '1',
  PRIMARY KEY (`exam_id`)
) ENGINE=MyISAM  DEFAULT CHARSET=utf8 AUTO_INCREMENT=12 ;

--
-- Dumping data for table `exams`
--

INSERT INTO `exams` (`exam_id`, `semester_course_id`, `title`, `description`, `exam_mark`, `weight`, `exam_date`, `venue`, `is_active`) VALUES
(1, 1, 'Class Test 1', NULL, 10, 10, 2013, 'SAC 513', 1),
(2, 1, 'Class Test 2', NULL, 15, 20, 2013, 'SAC 513', 1),
(3, 1, 'Mid Test-1', NULL, 30, 25, 2013, 'SAC 513', 1),
(4, 2, 'Quiz-1', NULL, 30, 10, 2013, 'TBA', 1),
(5, 2, 'Quiz-2', NULL, 30, 25, 2013, NULL, 1),
(6, 2, 'Mid Test-1', NULL, 50, 30, 2013, NULL, 1),
(7, 3, 'Class Test 3', NULL, 20, 5, 2013, 'SAC 513', 1),
(8, 3, 'Class Test 3', NULL, 30, 12, 2013, NULL, 1),
(9, 4, 'C', NULL, 70, 40, 2013, NULL, 1),
(10, 4, 'Class Test 3', NULL, 30, 34, 2013, NULL, 1),
(11, 4, 'a', NULL, 100, 20, 2013, NULL, 1);

-- --------------------------------------------------------

--
-- Table structure for table `faq`
--

CREATE TABLE IF NOT EXISTS `faq` (
  `faq_id` int(11) NOT NULL AUTO_INCREMENT,
  `question` text NOT NULL,
  `response` text NOT NULL,
  PRIMARY KEY (`faq_id`)
) ENGINE=MyISAM  DEFAULT CHARSET=latin1 AUTO_INCREMENT=6 ;

--
-- Dumping data for table `faq`
--

INSERT INTO `faq` (`faq_id`, `question`, `response`) VALUES
(2, 'Lorem Ipsum is simply dummy text of the printing and typesetting industry', 'Lorem Ipsum has been the industry''s standard dummy text ever since the 1500s, when an unknown printer took a galley of type and scrambled it to make a type specimen book. It has survived not only five centuries, but also the leap into electronic typesetting, remaining essentially unchanged. It was popularised in the 1960s with the release of Letraset sheets containing Lorem Ipsum passages, and more recently with desktop publishing software like Aldus PageMaker including versions of Lorem Ipsum.'),
(3, 'Vestibulum sempe', 'Vestibulum semper lacus'),
(4, 'How do I sync withe my Outlook calendar?', 'djvbkdjvbkdjvbkdjbvjkdv'),
(5, 'What does Bookmarking a calendar do?', 'When you bookmark a public calendar, it will show up in your MY GROUPS list on your MY BURBIO dashboard page.  You can click on the group name and go directly to the group calendar.');

-- --------------------------------------------------------

--
-- Table structure for table `grades`
--

CREATE TABLE IF NOT EXISTS `grades` (
  `grade_id` int(11) NOT NULL AUTO_INCREMENT,
  `student_id` int(11) NOT NULL,
  `class_id` int(11) NOT NULL,
  `exam_id` int(11) NOT NULL,
  `course_id` int(11) NOT NULL,
  `entry_date` date NOT NULL,
  `marks` int(11) NOT NULL,
  PRIMARY KEY (`grade_id`)
) ENGINE=MyISAM  DEFAULT CHARSET=utf8 AUTO_INCREMENT=42 ;

--
-- Dumping data for table `grades`
--

INSERT INTO `grades` (`grade_id`, `student_id`, `class_id`, `exam_id`, `course_id`, `entry_date`, `marks`) VALUES
(1, 12, 12, 1, 1, '2013-06-19', 10),
(2, 13, 12, 1, 1, '2013-06-19', 2),
(3, 14, 12, 1, 1, '2013-06-19', 5),
(4, 15, 12, 1, 1, '2013-06-19', 8),
(5, 16, 12, 1, 1, '2013-06-19', 6),
(25, 15, 12, 3, 1, '2013-06-20', 21),
(27, 12, 0, 1, 1, '2013-06-21', 1),
(16, 12, 12, 2, 1, '2013-06-20', 12),
(23, 14, 12, 3, 1, '2013-06-20', 12),
(17, 13, 12, 2, 1, '2013-06-20', 16),
(18, 14, 12, 2, 1, '2013-06-20', 19),
(19, 15, 12, 2, 1, '2013-06-20', 18),
(20, 16, 12, 2, 1, '2013-06-20', 20),
(21, 12, 12, 3, 1, '2013-06-20', 20),
(22, 13, 12, 3, 1, '2013-06-20', 23),
(26, 16, 12, 3, 1, '2013-06-20', 23),
(28, 13, 0, 1, 1, '2013-06-21', 2),
(29, 14, 0, 1, 1, '2013-06-21', 3),
(30, 15, 0, 1, 1, '2013-06-21', 4),
(31, 16, 0, 1, 1, '2013-06-21', 5),
(32, 12, 0, 1, 1, '2013-06-21', 2),
(33, 12, 0, 1, 1, '2013-06-21', 3),
(34, 13, 0, 1, 1, '2013-06-21', 4),
(35, 13, 0, 1, 1, '2013-06-21', 5),
(36, 14, 0, 1, 1, '2013-06-21', 6),
(37, 14, 0, 1, 1, '2013-06-21', 7),
(38, 15, 0, 1, 1, '2013-06-21', 1),
(39, 15, 0, 1, 1, '2013-06-21', 2),
(40, 16, 0, 1, 1, '2013-06-21', 3),
(41, 16, 0, 1, 1, '2013-06-21', 4);

-- --------------------------------------------------------

--
-- Table structure for table `instructors`
--

CREATE TABLE IF NOT EXISTS `instructors` (
  `instructor_id` int(11) NOT NULL AUTO_INCREMENT,
  `member_id` bigint(20) NOT NULL,
  `inst_school_id` varchar(50) NOT NULL,
  `department_id` int(11) DEFAULT NULL,
  `last_name` varchar(255) NOT NULL,
  `first_name` varchar(255) NOT NULL,
  `initial` varchar(100) DEFAULT NULL,
  `gender` char(1) NOT NULL,
  `blood_group` varchar(10) NOT NULL,
  `curr_address` varchar(1024) NOT NULL,
  `join_date` date NOT NULL,
  `emergency_mobile` varchar(50) NOT NULL,
  `photo` varchar(255) NOT NULL,
  `added_by` int(11) NOT NULL,
  `is_active` tinyint(1) NOT NULL DEFAULT '0',
  PRIMARY KEY (`instructor_id`)
) ENGINE=InnoDB  DEFAULT CHARSET=latin1 AUTO_INCREMENT=46 ;

--
-- Dumping data for table `instructors`
--

INSERT INTO `instructors` (`instructor_id`, `member_id`, `inst_school_id`, `department_id`, `last_name`, `first_name`, `initial`, `gender`, `blood_group`, `curr_address`, `join_date`, `emergency_mobile`, `photo`, `added_by`, `is_active`) VALUES
(1, 1, '98687686', 1, 'Nurnoby Inst', 'Faisal', 'FNBy', 'M', 'B+', 'dmfndf jlkfd fdlkkjfdljf', '0000-00-00', 'kjdfkljd', '525e68f700403.jpg', 1, 1),
(30, 22, '', 1, 'Molla', 'Mamun', 'MLA', '', '', '', '0000-00-00', '', '', 1, 1),
(37, 29, '', 1, 'Ahmed', 'Nova ', 'Nva', '', '', '', '0000-00-00', '', '', 0, 0),
(38, 30, '', 1, 'Jamil', 'Asad', 'ADJ', '', '', '', '0000-00-00', '', '', 0, 0),
(39, 31, '', 5, 'ferdous', 'Sakiba', 'SF', '', '', '', '0000-00-00', '', '', 0, 0),
(40, 32, '', 10, ' khan', 'Anwar', 'ArK', '', '', '', '0000-00-00', '', '', 0, 0),
(41, 33, '', 6, 'Saha', 'Sakib', 'SBS', '', '', '', '0000-00-00', '', '', 1, 1),
(42, 34, '', 1, 'Haq', 'Abul L', 'ALH', '', '', '', '0000-00-00', '', '', 0, 0),
(43, 35, '', 1, 'Rahman', 'Iqbal ', 'IQR', '', '', '', '0000-00-00', '', '', 0, 0),
(44, 36, '', 3, 'Hasan', 'Satter', 'Stq', '', '', '', '0000-00-00', '', '', 0, 0),
(45, 37, '', 1, 'Rahaman', 'Rasedur', 'RRn', '', '', '', '0000-00-00', '', '', 0, 0);

-- --------------------------------------------------------

--
-- Table structure for table `members`
--

CREATE TABLE IF NOT EXISTS `members` (
  `member_id` int(11) NOT NULL AUTO_INCREMENT,
  `username` varchar(255) DEFAULT NULL,
  `email` varchar(255) DEFAULT NULL,
  `password` varchar(255) NOT NULL,
  `create_date` timestamp NOT NULL DEFAULT CURRENT_TIMESTAMP,
  `isactive` tinyint(1) NOT NULL DEFAULT '0',
  `activation_key` varchar(255) NOT NULL,
  `last_activity_date` datetime NOT NULL,
  `phone` varchar(50) NOT NULL,
  `nid` varchar(100) DEFAULT NULL,
  `user_type` char(2) NOT NULL COMMENT 'A(admin), ST(Student), IN(Instructor),SA(SchoolAdmin)',
  PRIMARY KEY (`member_id`),
  UNIQUE KEY `username` (`username`)
) ENGINE=InnoDB  DEFAULT CHARSET=latin1 AUTO_INCREMENT=38 ;

--
-- Dumping data for table `members`
--

INSERT INTO `members` (`member_id`, `username`, `email`, `password`, `create_date`, `isactive`, `activation_key`, `last_activity_date`, `phone`, `nid`, `user_type`) VALUES
(1, '98687686', 'faisal@northsouth.edu', '96e79218965eb72c92a549dd5a330112', '2013-06-23 14:32:04', 1, '', '2014-02-24 09:28:24', '868675', NULL, 'IN'),
(2, '023021044', 'rayhan.tnm@gmail.com', '96e79218965eb72c92a549dd5a330112', '2013-06-23 14:40:24', 1, '', '2013-11-02 16:44:15', '876876876', NULL, 'ST'),
(3, '8798787608987', 'dfjdlfjdlj@gmail.com', '96e79218965eb72c92a549dd5a330112', '2013-06-23 14:42:15', 1, '', '0000-00-00 00:00:00', '', NULL, 'ST'),
(4, '3434353553', 'ddfdfdfd@gmail.com', '96e79218965eb72c92a549dd5a330112', '2013-06-23 14:44:54', 1, '', '0000-00-00 00:00:00', '', NULL, 'ST'),
(5, '78687687676', 'dfdfdfdjflkdklj@gmail.com', '96e79218965eb72c92a549dd5a330112', '2013-06-23 14:46:18', 1, '', '0000-00-00 00:00:00', '', NULL, 'ST'),
(6, '8789786686866', 'faisaltest001@gmail.com', '96e79218965eb72c92a549dd5a330112', '2013-06-23 15:47:14', 1, '', '0000-00-00 00:00:00', '', NULL, 'ST'),
(7, '123456789', 'dkjfdljfdfj@gmail.com', '96e79218965eb72c92a549dd5a330112', '2013-07-02 10:21:19', 1, '', '0000-00-00 00:00:00', '', NULL, 'ST'),
(8, '89787879788', 'faisal@polygonbytes.com', '96e79218965eb72c92a549dd5a330112', '2013-10-03 11:14:19', 0, '', '0000-00-00 00:00:00', '', NULL, 'ST'),
(9, '876767667665', 'faisal.noby@gmail.com', '96e79218965eb72c92a549dd5a330112', '2013-10-03 11:18:04', 0, '', '0000-00-00 00:00:00', '', NULL, 'ST'),
(10, '98797987897', 'khfjfdlkj@lkdjfj.com', '96e79218965eb72c92a549dd5a330112', '2013-10-03 12:24:35', 1, '80nao3xH', '2013-10-03 13:58:44', '', NULL, 'ST'),
(11, '7666565767', 'ajaira@gmail.com', '96e79218965eb72c92a549dd5a330112', '2013-10-05 10:46:04', 0, 'PXGQJEoU', '0000-00-00 00:00:00', '', NULL, 'ST'),
(12, '7654554345', 'test1@gmail.com', '96e79218965eb72c92a549dd5a330112', '2013-10-05 10:47:41', 1, 'zjkkN3JU', '2013-10-05 10:49:06', '6876876', NULL, 'ST'),
(13, '5654323456', 'rayhan@gmail.com', '96e79218965eb72c92a549dd5a330112', '2013-10-06 03:59:57', 1, 'bhcMWBDz', '2013-10-06 14:31:11', '87687567667', NULL, 'ST'),
(14, '987876876876', 'some@gmail.com', '96e79218965eb72c92a549dd5a330112', '2013-10-06 05:36:02', 1, 'SEtm7bbx', '2013-10-06 11:40:48', '976867876', NULL, 'ST'),
(15, '897897897', 'faisal3@gmail.com', '96e79218965eb72c92a549dd5a330112', '2013-10-06 15:32:29', 1, 'fFJtoq1h', '2013-10-06 15:33:40', '876876876', NULL, 'ST'),
(16, '98797987987', 'faisal4@gmail.com', '96e79218965eb72c92a549dd5a330112', '2013-10-06 15:35:49', 0, 'cGb5umOD', '0000-00-00 00:00:00', 'dlkfjdlkfj', NULL, 'ST'),
(17, '9878787898', 'faisal5@gmail.com', '96e79218965eb72c92a549dd5a330112', '2013-10-06 15:37:59', 1, 'CX17qonh', '2013-10-06 15:38:26', 'lkjdfkljdfj', NULL, 'ST'),
(18, '878687687', 'faisal_nsu_cse@hotmail.com', '96e79218965eb72c92a549dd5a330112', '2013-10-29 16:33:01', 0, 'N2eY0ik8', '0000-00-00 00:00:00', '08987987897', NULL, 'ST'),
(19, '9797987987', 'iuoiujju@gmail.com', '52c69e3a57331081823331c4e69d3f2e', '2013-10-29 16:47:53', 0, '3JUprj1R', '0000-00-00 00:00:00', 'lkdjflkdjlfj', NULL, 'ST'),
(20, '89789789786787', 'faisaltest003@gmail.com', '96e79218965eb72c92a549dd5a330112', '2013-10-29 17:04:22', 1, '2LkOXMNP', '0000-00-00 00:00:00', 'kdfkdfkjh', NULL, 'ST'),
(21, '979797987787', 'polygonbytes@gmail.com', '96e79218965eb72c92a549dd5a330112', '2013-11-05 14:06:35', 1, 'LPzY4elh', '2014-01-15 14:19:31', 'oiuoiu', NULL, 'ST'),
(22, 'molla2', 'mla@mla.com', 'e10adc3949ba59abbe56e057f20f883e', '2014-02-17 09:02:37', 1, '', '0000-00-00 00:00:00', '', NULL, 'IN'),
(23, 'poly1', 'polygonbytes5@gmail.com', '5485e70048b3f0c9b261a564480ff140', '2014-02-17 09:25:12', 0, '', '0000-00-00 00:00:00', '', NULL, 'IN'),
(24, 'Poly2', 'polygonbytes4@gmail.com', '5485e70048b3f0c9b261a564480ff140', '2014-02-17 09:26:23', 0, '', '0000-00-00 00:00:00', '', NULL, 'IN'),
(25, 'Poly3', 'polygonbytes3@gmail.com', '5485e70048b3f0c9b261a564480ff140', '2014-02-17 09:27:08', 0, '', '0000-00-00 00:00:00', '', NULL, 'IN'),
(28, 'Poly6', 'tarek_inspire@live.com', '5485e70048b3f0c9b261a564480ff140', '2014-02-17 09:30:52', 0, '', '0000-00-00 00:00:00', '', NULL, 'IN'),
(29, 'Nova1', 'nova@northsouth.edu', 'e10adc3949ba59abbe56e057f20f883e', '2014-02-17 10:17:11', 0, '', '0000-00-00 00:00:00', '', NULL, 'IN'),
(30, 'Asad2', 'asad@northsouth.edu', 'e10adc3949ba59abbe56e057f20f883e', '2014-02-17 10:18:24', 0, '', '0000-00-00 00:00:00', '', NULL, 'IN'),
(31, 'SF3', 'sakiba@northsouth.edu', 'e10adc3949ba59abbe56e057f20f883e', '2014-02-17 10:19:10', 0, '', '0000-00-00 00:00:00', '', NULL, 'IN'),
(32, 'Ark4', 'ark@northsouth.edu', 'e10adc3949ba59abbe56e057f20f883e', '2014-02-17 10:20:55', 0, '', '0000-00-00 00:00:00', '', NULL, 'IN'),
(33, 'Sbs5', 'sbs@yahoo.com', 'e10adc3949ba59abbe56e057f20f883e', '2014-02-17 10:22:17', 1, '', '0000-00-00 00:00:00', '', NULL, 'IN'),
(34, 'Alh007', 'alh@northsouth.edu', 'e10adc3949ba59abbe56e057f20f883e', '2014-02-17 10:25:10', 0, '', '0000-00-00 00:00:00', '', NULL, 'IN'),
(35, 'Iqbal', 'iqbal@northsouth.edu', 'e10adc3949ba59abbe56e057f20f883e', '2014-02-17 10:26:09', 0, '', '0000-00-00 00:00:00', '', NULL, 'IN'),
(36, 'Stq08', 'satter@northsouth.edu', 'e10adc3949ba59abbe56e057f20f883e', '2014-02-17 10:28:00', 0, '', '0000-00-00 00:00:00', '', NULL, 'IN'),
(37, 'RRn09', 'rased@yahoo.com', 'e10adc3949ba59abbe56e057f20f883e', '2014-02-17 10:29:03', 0, '', '0000-00-00 00:00:00', '', NULL, 'IN');

-- --------------------------------------------------------

--
-- Table structure for table `messages`
--

CREATE TABLE IF NOT EXISTS `messages` (
  `message_id` bigint(20) NOT NULL AUTO_INCREMENT,
  `subject` varchar(1024) NOT NULL,
  `description` text,
  `message` text NOT NULL,
  `offer_type` tinyint(1) DEFAULT '1' COMMENT '1=nomal, 2=Pay req,3=pa to view,4=credit offer',
  `attachment` varchar(1024) DEFAULT NULL,
  `sender_id` int(11) NOT NULL,
  `sender_type` tinyint(1) NOT NULL DEFAULT '1' COMMENT '2=admin, 1=rest',
  `receipient_id` int(11) NOT NULL,
  `receipient_type` int(1) NOT NULL DEFAULT '1' COMMENT '2=admin, 1=rest',
  `pay_amount` decimal(4,2) DEFAULT NULL,
  `create_date` timestamp NOT NULL DEFAULT CURRENT_TIMESTAMP,
  `attachment_size` varchar(50) DEFAULT NULL,
  `read_date` timestamp NOT NULL DEFAULT '0000-00-00 00:00:00',
  `message_type` tinyint(4) NOT NULL DEFAULT '1' COMMENT '1=message, 2=appointment',
  `appointment_date` date DEFAULT NULL,
  `appointment_time` time DEFAULT NULL,
  `duration` int(11) DEFAULT NULL,
  `is_read` tinyint(4) NOT NULL DEFAULT '0',
  `is_sent` tinyint(4) NOT NULL DEFAULT '1',
  `is_saved` tinyint(1) DEFAULT '0',
  `reply` bigint(20) DEFAULT '0' COMMENT 'reply message id',
  `is_active` tinyint(4) NOT NULL DEFAULT '1',
  PRIMARY KEY (`message_id`)
) ENGINE=InnoDB  DEFAULT CHARSET=latin1 AUTO_INCREMENT=36 ;

--
-- Dumping data for table `messages`
--

INSERT INTO `messages` (`message_id`, `subject`, `description`, `message`, `offer_type`, `attachment`, `sender_id`, `sender_type`, `receipient_id`, `receipient_type`, `pay_amount`, `create_date`, `attachment_size`, `read_date`, `message_type`, `appointment_date`, `appointment_time`, `duration`, `is_read`, `is_sent`, `is_saved`, `reply`, `is_active`) VALUES
(1, 'kdjfkdj', 'Full Message will be viewable after payment', 'kdjfdjfd', 1, 'somethin.mp4', 22, 1, 39, 1, '12.50', '2013-04-30 16:07:28', '16MB', '0000-00-00 00:00:00', 1, NULL, NULL, NULL, 1, 1, 0, 0, 0),
(2, 'kikdjfkj', NULL, 'kdfdj', 1, NULL, 22, 1, 39, 1, NULL, '2013-04-30 16:28:44', NULL, '0000-00-00 00:00:00', 1, NULL, NULL, NULL, 1, 1, 0, 0, 0),
(3, 'kikdjfkj', NULL, 'kdfdj', 1, NULL, 22, 1, 39, 1, NULL, '2013-04-30 16:29:20', NULL, '0000-00-00 00:00:00', 1, NULL, NULL, NULL, 1, 1, 0, 0, 1),
(4, 'thrid', NULL, 'dkljfdj kdfdj', 1, NULL, 22, 1, 39, 1, NULL, '2013-04-30 16:30:12', NULL, '0000-00-00 00:00:00', 2, NULL, NULL, NULL, 0, 1, 0, 0, 1),
(5, '9877', NULL, 'dfjfjdfd', 1, NULL, 22, 1, 39, 1, NULL, '2013-04-30 17:13:01', NULL, '0000-00-00 00:00:00', 1, NULL, NULL, NULL, 1, 1, 0, 0, 1),
(6, '9877', NULL, 'dfjfjdfd', 1, NULL, 22, 1, 39, 1, NULL, '2013-04-30 17:13:55', NULL, '0000-00-00 00:00:00', 1, NULL, NULL, NULL, 1, 1, 0, 0, 0),
(7, 'some subject', NULL, 'some message', 1, NULL, 22, 1, 39, 1, NULL, '2013-04-30 17:18:00', NULL, '0000-00-00 00:00:00', 2, NULL, NULL, NULL, 0, 1, 0, 0, 1),
(8, 'Something very important', NULL, 'some messages', 1, NULL, 22, 1, 39, 1, NULL, '2013-05-03 06:41:02', NULL, '0000-00-00 00:00:00', 1, NULL, NULL, NULL, 1, 1, 0, 0, 1),
(9, 'subject from somewhere in dhaka last', 'pay and see', '<p>main content</p>', 2, NULL, 39, 1, 22, 1, '12.00', '2013-05-06 11:46:28', NULL, '0000-00-00 00:00:00', 1, NULL, NULL, NULL, 0, 1, 0, 0, 1),
(10, 'some subject 3', 'somes des3 ', '<p>final des 3</p>', 2, NULL, 39, 1, 22, 1, '12.00', '2013-05-06 11:52:35', NULL, '0000-00-00 00:00:00', 1, NULL, NULL, NULL, 1, 1, 0, 0, 1),
(11, 'some subject 3', 'somes des3 ', '<p>xxxx</p>', 2, NULL, 39, 1, 22, 1, '12.00', '2013-05-06 11:53:07', NULL, '0000-00-00 00:00:00', 1, NULL, NULL, NULL, 0, 1, 0, 0, 1),
(12, 'some subject 3', 'somes des3 rr', '<p>dfdfdfdfdfd</p>', 3, NULL, 39, 1, 22, 1, '12.00', '2013-05-06 11:57:07', NULL, '0000-00-00 00:00:00', 1, NULL, NULL, NULL, 1, 1, 0, 0, 0),
(13, 'receipdfj', 'some description', '<p>dfddljfdjfkdjfkd</p>', 3, NULL, 39, 1, 22, 1, '11.00', '2013-05-06 15:07:36', NULL, '0000-00-00 00:00:00', 1, NULL, NULL, NULL, 1, 1, 0, 0, 0),
(14, 'dkfjdkj', 'dfkjd', '<p>dkfjdkj</p>', 2, NULL, 39, 1, 22, 1, '2.00', '2013-05-06 15:09:01', NULL, '0000-00-00 00:00:00', 1, NULL, NULL, NULL, 1, 1, 0, 0, 0),
(15, 'some subject', 'tmce', '<p>ki aar bolbo <img src="../../js/tinymce/plugins/emoticons/img/smiley-innocent.gif" alt="" /></p>', 2, NULL, 39, 1, 22, 1, '11.00', '2013-05-07 04:47:23', NULL, '0000-00-00 00:00:00', 1, NULL, NULL, NULL, 1, 1, 0, 0, 0),
(16, 'Re: Something very important', 'kkkkkkkkkkk', '<p>hhhhhhhhhhhhhhhhhhhhhhhhhhhh<br /> <span class="old_msg_body"  #797979;"> **************************************************************************** <br />some messages </span></p>', 0, NULL, 39, 1, 22, 1, '0.00', '2013-05-07 15:39:27', NULL, '0000-00-00 00:00:00', 1, NULL, NULL, NULL, 1, 1, 0, 0, 1),
(17, 'Re: 9877', 'dddd', '<p>xxxxxxxxxxxxx<br /> <span class="old_msg_body"  #797979;"> **************************************************************************** <br />dfjfjdfd </span></p>', 4, NULL, 39, 1, 22, 1, '11.00', '2013-05-07 16:03:23', NULL, '0000-00-00 00:00:00', 1, NULL, NULL, NULL, 1, 1, 0, 5, 0),
(18, 'Re: receipdfj lll99999', NULL, '<p>lllllllllllkkkkkkkkkkkkkkk<br /> <span  #5c5c5a;"><span  #5c5c5a;"> ******************************************************************</span></span></p>\r\n<p>dfddljfdjfkdjfkd</p>\r\n<p>&nbsp;</p>', 1, NULL, 22, 1, 39, 1, NULL, '2013-05-08 08:06:20', NULL, '0000-00-00 00:00:00', 1, NULL, NULL, NULL, 1, 1, 0, 13, 1),
(19, 'Re: Re: Something very important', NULL, '<p><br /> <span  #5c5c5a;"><span  #5c5c5a;"> ******************************************************************</span></span></p>\r\n<p>hhhhhhhhhhhhhhhhhhhhhhhhhhhh<br /> <span class="old_msg_body"> **************************************************************************** <br />some messages </span></p>\r\n<p>&nbsp;</p>', 1, NULL, 22, 1, 39, 1, NULL, '2013-05-08 08:55:20', NULL, '0000-00-00 00:00:00', 1, NULL, NULL, NULL, 1, 1, 0, 16, 1),
(20, 'Re: Re: Something very important', NULL, '<p>omdd<br /> <span  #5c5c5a;"><span  #5c5c5a;"> ******************************************************************</span></span></p>\r\n<p>hhhhhhhhhhhhhhhhhhhhhhhhhhhh<br /> <span class="old_msg_body"> **************************************************************************** <br />some messages </span></p>\r\n<p>&nbsp;</p>', 1, NULL, 22, 1, 39, 1, NULL, '2013-05-08 14:19:17', NULL, '0000-00-00 00:00:00', 1, NULL, NULL, NULL, 1, 1, 0, 16, 1),
(21, 'kkkkkkkkkkkkk', NULL, '<p>kkkkkkkkkkkkkkkkkk</p>', 1, NULL, 22, 1, 52, 1, NULL, '2013-05-08 14:21:59', NULL, '0000-00-00 00:00:00', 1, NULL, NULL, NULL, 1, 1, 0, 0, 1),
(22, 'some subject 3bbbbbb', 'bbbbbbbbbbb', '<p>bbbb</p>', 2, '', 52, 1, 22, 1, '12.00', '2013-05-08 18:12:44', '', '0000-00-00 00:00:00', 1, NULL, NULL, NULL, 0, 1, 0, 0, 1),
(23, 'dddddddddddd', 'ddddddddddd', '<p>ccccccccccccc</p>', 3, '', 52, 1, 22, 1, '12.00', '2013-05-08 18:17:21', '', '0000-00-00 00:00:00', 1, NULL, NULL, NULL, 1, 1, 0, 0, 1),
(24, 'dddd', 'dddddddddd', '<p>nnnnnnnnnnnnnn</p>', 2, '', 52, 1, 22, 1, '2.00', '2013-05-08 18:24:03', '', '0000-00-00 00:00:00', 1, NULL, NULL, NULL, 0, 1, 0, 0, 1),
(25, '33333333333333', '33333333333', '<p>3333333333333</p>', 2, '', 52, 1, 22, 1, '33.00', '2013-05-08 18:27:21', '', '0000-00-00 00:00:00', 1, NULL, NULL, NULL, 0, 1, 0, 0, 1),
(26, '4444444', '333', '<p>333</p>', 2, '', 52, 1, 22, 1, '33.00', '2013-05-08 18:30:15', '', '0000-00-00 00:00:00', 1, NULL, NULL, NULL, 0, 1, 0, 0, 1),
(27, '3333', '3333333', '<p>333333333</p>', 2, '449aa1a2ccdf3987d3a2f152db6caa11.jpg', 52, 1, 22, 1, '33.00', '2013-05-08 18:31:14', '14.96', '0000-00-00 00:00:00', 1, NULL, NULL, NULL, 1, 1, 0, 0, 1),
(28, 'Re: receipdfj lll99999', '222222', '<p>222222</p>', 1, '9126602fcda1d99a5fd9675e1bf276be.jpg', 52, 1, 22, 1, '99.99', '2013-05-08 18:33:51', '14.96', '0000-00-00 00:00:00', 1, NULL, NULL, NULL, 1, 1, 0, 0, 1),
(29, 'yyyy', '1111111111111', '<p>dfdfdfd</p>', 3, '6b08f69e7b767e3ada1fa9174bcb59e0.jpg', 52, 1, 22, 1, '87.00', '2013-05-08 18:45:52', '14.96', '0000-00-00 00:00:00', 1, NULL, NULL, NULL, 1, 1, 0, 0, 1),
(30, 'Re: kkkkkkkkkkkkk', 'ffffffffffffffff', '<p>fffffffffffff<br /> <span class="old_msg_body"  #797979;"><span class="old_msg_body"  #797979;"> **************************************************************************** <br /></span></span></p>\r\n<p>kkkkkkkkkkkkkkkkkk</p>', 2, '63500b4c54552d8c4e1ca218939b1032.jpg', 52, 1, 22, 1, '0.00', '2013-05-08 20:09:36', '1978.12', '0000-00-00 00:00:00', 1, NULL, NULL, NULL, 1, 1, 0, 21, 1),
(31, 'sssssss', NULL, '<p>&nbsp;&nbsp;</p>', 1, NULL, 22, 1, 52, 1, NULL, '2013-05-09 06:18:55', NULL, '0000-00-00 00:00:00', 1, NULL, NULL, NULL, 0, 1, 0, 0, 1),
(32, 'Kisu Ekta', NULL, '<p>bbbbbbbbbbbbbbbbb</p>', 1, NULL, 22, 1, 39, 1, NULL, '2013-05-09 14:48:51', NULL, '0000-00-00 00:00:00', 1, NULL, NULL, NULL, 1, 1, 0, 0, 1),
(33, 'Some Exclusive', 'dkdkdkd', '<p>dd</p>', 3, '', 39, 1, 22, 1, '12.00', '2013-05-09 19:19:07', '', '0000-00-00 00:00:00', 1, NULL, NULL, NULL, 1, 1, 0, 0, 1),
(34, 'xxxx', 'dfdfd', '<p>dfdfdfd</p>', 3, '', 39, 1, 22, 1, '0.00', '2013-05-09 19:19:47', '', '0000-00-00 00:00:00', 1, NULL, NULL, NULL, 0, 1, 0, 0, 1),
(35, 'To Admin', 'some Comtent', 'some message', 1, NULL, 22, 1, 10, 2, '12.00', '2013-05-10 11:51:29', NULL, '0000-00-00 00:00:00', 1, NULL, NULL, NULL, 1, 1, 0, 0, 1);

-- --------------------------------------------------------

--
-- Table structure for table `my_friendlist`
--

CREATE TABLE IF NOT EXISTS `my_friendlist` (
  `contact_id` int(11) NOT NULL AUTO_INCREMENT,
  `member_id` int(11) NOT NULL,
  `friend_memberid` int(11) NOT NULL,
  `friend_type` tinyint(4) DEFAULT '2' COMMENT '1=member,2=model,3=studio',
  `is_active` tinyint(1) NOT NULL DEFAULT '1',
  PRIMARY KEY (`contact_id`)
) ENGINE=InnoDB  DEFAULT CHARSET=latin1 AUTO_INCREMENT=12 ;

--
-- Dumping data for table `my_friendlist`
--

INSERT INTO `my_friendlist` (`contact_id`, `member_id`, `friend_memberid`, `friend_type`, `is_active`) VALUES
(1, 22, 39, 2, 0),
(2, 22, 40, 1, 1),
(3, 23, 29, 2, 1),
(4, 22, 52, 2, 1),
(5, 22, 22, 1, 1),
(6, 22, 52, 2, 1),
(7, 39, 22, 1, 1),
(8, 39, 22, 1, 1),
(9, 39, 22, 1, 1),
(10, 39, 22, 1, 1),
(11, 39, 22, 1, 1);

-- --------------------------------------------------------

--
-- Table structure for table `noticewall`
--

CREATE TABLE IF NOT EXISTS `noticewall` (
  `noticewall_id` bigint(20) NOT NULL AUTO_INCREMENT,
  `title` varchar(255) NOT NULL,
  `author_id` int(11) NOT NULL,
  `notice_type` int(11) NOT NULL,
  `notice_body` text CHARACTER SET utf8mb4 NOT NULL,
  `semester_id` int(11) DEFAULT NULL,
  `semester_course_ids` varchar(100) NOT NULL,
  `post_date` int(11) NOT NULL,
  `importance` int(11) NOT NULL,
  `is_public_post` tinyint(1) NOT NULL DEFAULT '0',
  `is_active` tinyint(1) NOT NULL DEFAULT '1',
  PRIMARY KEY (`noticewall_id`)
) ENGINE=InnoDB  DEFAULT CHARSET=latin1 AUTO_INCREMENT=17 ;

--
-- Dumping data for table `noticewall`
--

INSERT INTO `noticewall` (`noticewall_id`, `title`, `author_id`, `notice_type`, `notice_body`, `semester_id`, `semester_course_ids`, `post_date`, `importance`, `is_public_post`, `is_active`) VALUES
(1, 'First Notice', 1, 0, '<p>Some Notice</p>', 1, '1;3;', 1380013174, 0, 1, 1),
(2, 'My Another Notice', 1, 2, 'Lorem ipsum dolor sit amet, consectetur adipiscing elit. Sed at ante. Mauris eleifend, quam a vulputate dictum, massa quam dapibus leo, eget vulputate orci purus ut lorem. In fringilla mi in ligula. Pellentesque aliquam quam vel dolor. Nunc adipiscing. Sed quam odio, tempus ac, aliquam molestie, varius ac, tellus. Vestibulum ut nulla aliquam risus rutrum interdum. Pellentesque lorem. Curabitur sit amet erat quis risus feugiat viverra. Pellentesque augue justo, sagittis et, lacinia at, venenatis non, arcu. Nunc nec libero. In cursus dictum risus. Etiam tristique nisl a nulla. Ut a orci. Curabitur dolor nunc, egestas at, accumsan at, malesuada nec, magna.', 1, '2;1;3;', 1380014019, 1, 1, 1),
(4, 'Notice 2 Title', 1, 2, '<p>There are many variations of passages of Lorem Ipsum available, but the majority have suffered alteration in some form, by injected humour, or randomised words which don''t look even slightly believable. If you are going to use a passage of Lorem Ipsum</p>', 1, '1;3;', 1392451659, 1, 1, 1),
(5, 'Again Me', 1, 1, '<p>Lorem ipsum dolor sit amet, consectetur adipiscing elit. Sed at ante. Mauris eleifend, quam a vulputate dictum, massa quam dapibus leo, eget vulputate orci purus ut usto, sagittis et, lacinia at, venenatis non, arcu. Nunc nec libero. In cursus dictum risus. Etiam tristique nisl a nulla. Ut a orci. Curabitur dolor nunc, egestas at, accumsan at, malesuada nec, magna.</p>', 1, '2;', 1380212037, 1, 0, 1),
(6, 'Final Exam', 1, 2, '<p>No Exam</p>', 1, '2;', 1380210830, 1, 0, 1),
(7, 'Noitce 1 Ttile', 1, 2, '<p>There are many variations of passages of Lorem Ipsum available, but the majority have suffered alteration in some form, by injected humour, or randomised words which don''t look even slightly believable. If you are going to use a passage of Lorem Ipsum.</p>', 1, '1;', 1392451639, 0, 1, 1),
(8, 'Notice 3 Title', 1, 1, '<p>There are many variations of passages of Lorem Ipsum available, but the majority have suffered alteration in some form, by injected humour, or randomised words which don''t look even slightly believable. If you are going to use a passage of Lorem Ipsum</p>', 1, '', 1392451705, 0, 1, 1),
(9, 'Notice 4 Title', 1, 4, '<p>There are many variations of passages of Lorem Ipsum available, but the majority have suffered alteration in some form, by injected humour, or randomised words which don''t look even slightly believable. If you are going to use a passage of Lorem Ipsum</p>', 1, '', 1392451698, 0, 1, 1),
(10, 'Notice 5 Title', 1, 5, '<p>There are many variations of passages of Lorem Ipsum available, but the majority have suffered alteration in some form, by injected humour, or randomised words which don''t look even slightly believable. If you are going to use a passage of Lorem Ipsum</p>', 1, '', 1392451739, 0, 1, 1),
(11, 'Notice 6 Title', 1, 6, '<p>There are many variations of passages of Lorem Ipsum available, but the majority have suffered alteration in some form, by injected humour, or randomised words which don''t look even slightly believable. If you are going to use a passage of Lorem Ipsum</p>', 1, '', 1392451752, 0, 1, 1),
(12, 'Notice 7 Title', 1, 3, '<p>There are many variations of passages of Lorem Ipsum available, but the majority have suffered alteration in some form, by injected humour, or randomised words which don''t look even slightly believable. If you are going to use a passage of Lorem Ipsum</p>', 1, '', 1392451823, 0, 1, 1),
(13, 'Notice 8 Title', 1, 1, '<p>There are many variations of passages of Lorem Ipsum available, but the majority have suffered alteration in some form, by injected humour, or randomised words which don''t look even slightly believable. If you are going to use a passage of Lorem Ipsum</p>', 1, '', 1392451841, 0, 1, 1),
(14, 'Noitce 9 Ttile', 1, 1, '<p>There are many variations of passages of Lorem Ipsum available, but the majority have suffered alteration in some form, by injected humour, or randomised words which don''t look even slightly believable. If you are going to use a passage of Lorem Ipsum</p>', 1, '', 1392451887, 0, 0, 1),
(15, 'Notice 10 Title', 1, 1, '<p>There are many variations of passages of Lorem Ipsum available, but the majority have suffered alteration in some form, by injected humour, or randomised words which don''t look even slightly believable. If you are going to use a passage of Lorem Ipsum</p>', 1, '', 1392451914, 0, 1, 1),
(16, 'Notice 11 Title', 1, 5, '<p>There are many variations of passages of Lorem Ipsum available, but the majority have suffered alteration in some form, by injected humour, or randomised words which don''t look even slightly believable. If you are going to use a passage of Lorem Ipsum</p>', 1, '', 1392451931, 0, 1, 1);

-- --------------------------------------------------------

--
-- Table structure for table `notice_course`
--

CREATE TABLE IF NOT EXISTS `notice_course` (
  `id` bigint(20) NOT NULL AUTO_INCREMENT,
  `noticewall_id` bigint(20) NOT NULL,
  `semester_course_id` int(11) NOT NULL,
  `is_active` tinyint(1) NOT NULL DEFAULT '1',
  PRIMARY KEY (`id`)
) ENGINE=InnoDB  DEFAULT CHARSET=latin1 AUTO_INCREMENT=6 ;

--
-- Dumping data for table `notice_course`
--

INSERT INTO `notice_course` (`id`, `noticewall_id`, `semester_course_id`, `is_active`) VALUES
(1, 8, 3, 1),
(2, 8, 2, 1),
(3, 8, 1, 1),
(5, 9, 2, 1);

-- --------------------------------------------------------

--
-- Table structure for table `notifications`
--

CREATE TABLE IF NOT EXISTS `notifications` (
  `notification_id` bigint(20) NOT NULL AUTO_INCREMENT,
  `receipient_id` int(11) NOT NULL,
  `description` int(11) DEFAULT NULL,
  `target_url` varchar(255) DEFAULT NULL,
  `type` int(11) DEFAULT NULL COMMENT '1=new student enrolled',
  `is_read` tinyint(1) NOT NULL DEFAULT '0',
  `is_active` tinyint(1) NOT NULL DEFAULT '1',
  PRIMARY KEY (`notification_id`)
) ENGINE=InnoDB DEFAULT CHARSET=latin1 AUTO_INCREMENT=1 ;

-- --------------------------------------------------------

--
-- Table structure for table `security_questions`
--

CREATE TABLE IF NOT EXISTS `security_questions` (
  `question_id` int(11) NOT NULL AUTO_INCREMENT,
  `question` text,
  `is_active` tinyint(1) DEFAULT '1',
  PRIMARY KEY (`question_id`)
) ENGINE=MyISAM  DEFAULT CHARSET=latin1 AUTO_INCREMENT=5 ;

--
-- Dumping data for table `security_questions`
--

INSERT INTO `security_questions` (`question_id`, `question`, `is_active`) VALUES
(1, 'Which city you were born in?', 1),
(2, 'What is your father''s middle name?', 1),
(3, 'What is favorite color?', 1);

-- --------------------------------------------------------

--
-- Table structure for table `semesters`
--

CREATE TABLE IF NOT EXISTS `semesters` (
  `semester_id` int(11) NOT NULL AUTO_INCREMENT,
  `initial` int(11) NOT NULL,
  `title` varchar(100) NOT NULL,
  `start_date` date NOT NULL,
  `end_date` date NOT NULL,
  `is_current` tinyint(1) DEFAULT '0',
  `is_active` tinyint(1) NOT NULL DEFAULT '1',
  PRIMARY KEY (`semester_id`)
) ENGINE=InnoDB  DEFAULT CHARSET=latin1 AUTO_INCREMENT=33 ;

--
-- Dumping data for table `semesters`
--

INSERT INTO `semesters` (`semester_id`, `initial`, `title`, `start_date`, `end_date`, `is_current`, `is_active`) VALUES
(1, 132, 'Summer 2013', '2013-04-03', '2013-08-23', 0, 1),
(3, 141, 'Spring 2014', '2013-09-03', '2013-09-26', 0, 1),
(4, 121, 'Spring 2012', '2012-01-22', '2012-05-16', 0, 1),
(5, 133, 'Fall 2013', '2013-10-01', '2013-12-24', 0, 1),
(6, 131, 'Spring 2013', '2013-02-03', '2013-04-25', 0, 1),
(7, 123, 'Fall 2012', '2012-09-30', '2012-12-20', 0, 1),
(8, 122, 'Summer 2012', '2012-05-27', '2012-08-23', 0, 1),
(9, 111, 'Spring 2011', '2011-01-23', '2011-04-21', 0, 1),
(10, 112, 'Summer 2011', '2011-05-29', '2011-08-25', 0, 1),
(11, 113, 'Fall 2011', '2011-10-02', '2011-12-29', 0, 1),
(12, 101, 'Spring 2010', '2010-01-31', '2010-04-28', 0, 1),
(13, 102, 'Summer 2010', '2010-05-30', '2010-08-25', 0, 1),
(14, 103, 'Fall 2010', '2010-10-03', '2010-12-29', 0, 1),
(15, 91, 'Spring 2009', '2009-02-01', '2009-04-30', 0, 1),
(16, 92, 'Summer 2009', '2009-05-31', '2009-08-27', 0, 1),
(17, 93, 'Fall 2009', '2009-08-30', '2009-12-27', 0, 1),
(18, 81, 'Spring 2008', '2008-02-03', '2008-04-24', 0, 1),
(19, 82, 'Summer 2008', '2008-06-01', '2008-08-28', 0, 1),
(20, 83, 'Fall 2008', '2008-09-28', '2008-12-25', 0, 1),
(21, 71, 'Spring 2007', '2007-02-04', '2007-04-26', 0, 1),
(22, 72, 'Summer 2007', '2007-05-27', '2007-08-30', 0, 1),
(23, 73, 'Fall 2007', '2007-09-30', '2007-12-26', 0, 1),
(24, 61, 'Spring 2006', '2006-01-29', '2006-04-27', 0, 1),
(25, 62, 'Summer 2006', '2006-05-28', '2006-08-31', 0, 1),
(26, 63, 'Fall 2006', '2006-10-01', '2006-12-28', 0, 1),
(27, 51, 'Spring 2005', '2005-01-30', '2005-04-21', 0, 1),
(28, 52, 'Summer 2005', '2005-05-29', '2005-08-25', 0, 1),
(29, 53, 'Fall 2005', '2005-10-02', '2005-12-28', 0, 1),
(30, 41, 'Spring 2004', '2004-02-01', '2004-04-29', 0, 1),
(31, 42, 'Summer 2004', '2004-05-30', '2004-08-26', 0, 1),
(32, 43, 'Fall 2004', '2004-09-26', '2004-12-23', 0, 1);

-- --------------------------------------------------------

--
-- Table structure for table `semester_course`
--

CREATE TABLE IF NOT EXISTS `semester_course` (
  `id` int(11) NOT NULL AUTO_INCREMENT,
  `course_id` int(11) NOT NULL,
  `section_no` tinyint(4) NOT NULL,
  `instructor_id` int(11) DEFAULT NULL,
  `class_time_id` int(11) DEFAULT NULL,
  `room_no` varchar(50) DEFAULT NULL,
  `student_limit` int(11) DEFAULT NULL,
  `total_enrole` int(11) DEFAULT NULL,
  `semester_id` int(11) NOT NULL DEFAULT '0',
  `is_active` tinyint(1) NOT NULL DEFAULT '1',
  PRIMARY KEY (`id`)
) ENGINE=InnoDB  DEFAULT CHARSET=latin1 AUTO_INCREMENT=5 ;

--
-- Dumping data for table `semester_course`
--

INSERT INTO `semester_course` (`id`, `course_id`, `section_no`, `instructor_id`, `class_time_id`, `room_no`, `student_limit`, `total_enrole`, `semester_id`, `is_active`) VALUES
(1, 1, 1, 1, 7, 'SAC310', 20, 0, 1, 1),
(2, 2, 1, 1, 3, 'NAC514', 20, 0, 1, 1),
(3, 1, 2, 1, 4, 'SAC510', 20, 0, 1, 1),
(4, 2, 3, 1, 4, 'NAC512', 35, NULL, 1, 1);

-- --------------------------------------------------------

--
-- Table structure for table `settings`
--

CREATE TABLE IF NOT EXISTS `settings` (
  `setting_id` int(11) NOT NULL AUTO_INCREMENT,
  `name` varchar(100) NOT NULL,
  `state_value` tinyint(4) NOT NULL,
  `value` varchar(100) NOT NULL,
  `description` varchar(255) NOT NULL,
  `is_valid` int(11) NOT NULL DEFAULT '1',
  PRIMARY KEY (`setting_id`)
) ENGINE=InnoDB  DEFAULT CHARSET=latin1 AUTO_INCREMENT=4 ;

--
-- Dumping data for table `settings`
--

INSERT INTO `settings` (`setting_id`, `name`, `state_value`, `value`, `description`, `is_valid`) VALUES
(3, 'curr_semester_id', 0, '1', '', 1);

-- --------------------------------------------------------

--
-- Table structure for table `students`
--

CREATE TABLE IF NOT EXISTS `students` (
  `id` int(11) NOT NULL AUTO_INCREMENT,
  `member_id` int(11) NOT NULL,
  `student_id` varchar(50) DEFAULT NULL,
  `department_id` int(11) NOT NULL,
  `degree_major` int(11) NOT NULL,
  `last_name` varchar(255) NOT NULL,
  `first_name` varchar(255) NOT NULL,
  `birthday` date NOT NULL,
  `gender` char(1) NOT NULL,
  `blood_group` varchar(5) NOT NULL,
  `curr_address` varchar(255) NOT NULL,
  `perm_address` varchar(255) DEFAULT NULL,
  `guardian_name` varchar(255) NOT NULL,
  `guardian_address` varchar(255) NOT NULL,
  `guardian_phone` varchar(50) NOT NULL,
  `photo` varchar(255) NOT NULL,
  `added_by` int(11) DEFAULT '0' COMMENT 'member_id of person who added this student',
  `is_active` tinyint(1) NOT NULL DEFAULT '0',
  PRIMARY KEY (`id`)
) ENGINE=InnoDB  DEFAULT CHARSET=latin1 AUTO_INCREMENT=20 ;

--
-- Dumping data for table `students`
--

INSERT INTO `students` (`id`, `member_id`, `student_id`, `department_id`, `degree_major`, `last_name`, `first_name`, `birthday`, `gender`, `blood_group`, `curr_address`, `perm_address`, `guardian_name`, `guardian_address`, `guardian_phone`, `photo`, `added_by`, `is_active`) VALUES
(1, 1, '082529060', 1, 3, 'Nurnoby', 'Faisal', '0000-00-00', '', '', '', NULL, '', '', '', 'faisal.jpg', 0, 0),
(2, 2, '023021044', 1, 3, 'N Nabi', 'Faisal', '0000-00-00', 'M', 'O-', 'Some address ebar', NULL, '', '', '', '5258e7b9337c5.jpg', 0, 0),
(3, 3, '8798787608987', 1, 0, 'kdjfkdj', 'dfjdlkj', '0000-00-00', '', '', '', NULL, '', '', '', 'Untitled-1.jpg', 0, 0),
(4, 4, '3434353553', 1, 0, 'dfdf', 'dffdfd', '0000-00-00', '', '', '', NULL, '', '', '', '562343_10150645624093323_523448537_n.jpg', 0, 0),
(5, 5, '78687687676', 1, 0, 'lfjdlj', 'dfjdlj', '0000-00-00', '', '', '', NULL, '', '', '', 'faisal.jpg', 0, 0),
(6, 6, '8789786686866', 1, 0, 'fjdklj', 'djfdjlkj', '0000-00-00', '', '', '', NULL, '', '', '', 'faisal_pf.jpg', 0, 0),
(7, 7, '123456789', 1, 0, 'dkfjdjfdj', 'dfjdkjfdkl', '0000-00-00', '', '', '', NULL, '', '', '', '8053ffee673d1fce68d737f3265d172e.jpg', 0, 0),
(8, 9, '876767667665', 1, 4, 'dlkfjdlkfjd', 'dljfdjflj', '0000-00-00', '', '', '', NULL, '', '', '', '', 0, 0),
(9, 10, '98797987897', 1, 3, 'dkjfdlkfj', 'kldjfdljfj', '0000-00-00', '', '', '', NULL, '', '', '', '', 0, 0),
(10, 12, '7654554345', 2, 6, 'bolmu', 'kiar', '0000-00-00', '', '', '', NULL, '', '', '', '118df7a4bbfcd4be394d9458cdd6b23c.jpg', 0, 0),
(11, 13, '5654323456', 1, 1, 'Tonmoy', 'Rayhan', '0000-00-00', 'M', 'B+', 'Some Lore IpsumSome Lore Ipsum Some Lore Ipsum Some Lore Ipsum Some Lore Ipsum.', NULL, '', '', '', '4dc5488f0238ca644ed0268965deba12.jpg', 0, 0),
(12, 14, '987876876876', 2, 5, 'Mollah', 'Karim', '0000-00-00', '', '', '', NULL, '', '', '', 'cca051c3c1d4301989e0c458625f0262.jpg', 0, 1),
(13, 15, '897897897', 1, 1, 'dlkfjdklfjdkl', 'ldjfldkjfj', '0000-00-00', '', '', '', NULL, '', '', '', 'ec1e8fe61706d1394cd8f8e5b391c9ee.jpg', 0, 0),
(14, 16, '98797987987', 1, 3, 'dklfjdlkfjdj', 'dlkjfdlkjfdj', '0000-00-00', '', '', '', NULL, '', '', '', '1544f6db86b569847c6d3dba953ef744.jpg', 0, 0),
(15, 17, '9878787898', 1, 2, 'dlfjdlkfj', 'djfdjf', '0000-00-00', 'M', 'O-', 'somedfjdlfjdlfjdf dlfkjdflkd fdlkfjd fdlkfjlkdjfldkfdjlfd flkdjfd omedfjdlfjdlfjdf dlfkjdflkd fdlkfjd fdlkfjlkdjfldkfdjlfd flkdjfd omedfjdlfjdlfjdf dlfkjdflkd fdlkfjd fdlkfjlkdjfldkfdjlfd flkdjfd omedfjdlfjdlfjdf dlfkjdflkd fdlkfjd fdlkfjlkdjfldkfdjlfd fl', NULL, '', '', '', '52519361032c2.jpg', 0, 0),
(16, 18, '878687687', 1, 2, 'Bhai', 'Faisal', '0000-00-00', '', '', '', NULL, '', '', '', '651ff0429264c4c0d99e7b51123ec180.jpg', 0, 0),
(17, 19, '9797987987', 1, 2, 'lkdjflkdj', 'jdfldjlkj', '0000-00-00', '', '', '', NULL, '', '', '', 'e31ad4b951123cfb0925b4723df800cd.jpg', 0, 0),
(18, 20, '89789789786787', 1, 2, 'kjdhfkdf', 'kdjfkdfk', '0000-00-00', '', '', '', NULL, '', '', '', 'e6f0cde30ba9b180140511456077d5c5.jpg', 0, 0),
(19, 21, '979797987787', 1, 2, 'ouou', 'oiuu', '0000-00-00', '', '', '', NULL, '', '', '', 'baa1f9e166c955c684587e7f771211a5.jpg', 0, 0);

/*!40101 SET CHARACTER_SET_CLIENT=@OLD_CHARACTER_SET_CLIENT */;
/*!40101 SET CHARACTER_SET_RESULTS=@OLD_CHARACTER_SET_RESULTS */;
/*!40101 SET COLLATION_CONNECTION=@OLD_COLLATION_CONNECTION */;
